Crime_ID,Suspect_Name,Email,IP_Address,IMEI,IMSI,MSISDN,Crime_Type,Timestamp,Location
RT001,Manoj Devi,pnair84@yahoo.co.in,103.120.131,358248953162997,40413831134268,+91-96430-73434,Phishing SMS,2026-01-17 03:20:00,"Kavaratti, Lakshadweep"
RT002,Meena Mehta,syadav88@shop.in,59.144.65,358244498209222,40456325096968,+91-93700-33852,Fake Loan App,2026-01-16 20:49:00,"Puducherry, Puducherry"
RT003,Sanjay Patel,sverma93@biz.in,103.120.113,358248591711343,40469277164467,+91-97318-78251,Crypto Scam,2026-01-15 10:19:00,"Gurugram, Haryana"
RT004,Vijay Verma,rkaur99@co.in,14.139.188,358246029907273,40464656314078,+91-97169-85877,OTP Bypass,2026-01-16 19:37:00,"Dhanbad, Jharkhand"
RT005,Rahul Kaur,ryadav86@zohomail.com,182.19.125,358241698930042,40496757295749,+91-94224-79589,ATM Skimming,2026-01-15 15:27:00,"Kolkata, West Bengal"
RT006,Priya Patel,rnair93@yahoo.co.in,103.120.230,358248733974798,40471940340752,+91-93201-78087,ATM Skimming,2026-01-16 12:51:00,"Daman, Dadra and Nagar Haveli and Daman and Diu"
RT007,Karan Yadav,mjoshi85@outlook.in,59.144.255,358247414759058,40467283055577,+91-94044-44256,Matrimony Fraud,2026-01-14 19:55:00,"Hyderabad, Telangana"
RT008,Manoj Gupta,mjoshi99@jobs.in,117.192.74,358248328296072,40472890521255,+91-96953-16758,Ransomware,2026-01-15 10:29:00,"Hyderabad, Telangana"
RT009,Rahul Mehta,kpatel97@co.in,103.120.88,358247641859919,40487203060114,+91-95079-48938,Fake Loan App,2026-01-17 03:14:00,"Varanasi, Uttar Pradesh"
RT010,Rohit Yadav,preddy97@gmail.com,203.192.77,358249088673026,40415029136555,+91-91282-36421,ATM Skimming,2026-01-14 11:28:00,"Bilaspur, Chhattisgarh"
RT011,Rahul Patel,pyadav93@zohomail.com,14.139.188,358243325765722,40468997398314,+91-93877-71287,OTP Bypass,2026-01-14 15:17:00,"Naharlagun, Arunachal Pradesh"
RT012,Manoj Devi,pdas84@biz.in,14.139.248,358245820329501,40495869543473,+91-98519-73673,UPI Fraud,2026-01-14 22:34:00,"Aizawl, Mizoram"
RT013,Rohit Devi,kverma95@trade.in,203.192.84,358249679918580,40462059899108,+91-90905-54893,Crypto Scam,2026-01-15 21:36:00,"Patna, Bihar"
RT014,Rani Mehta,mkaur85@shop.in,103.120.156,358247735787120,40478356637579,+91-91212-18855,Matrimony Fraud,2026-01-17 07:35:00,"Dibrugarh, Assam"
RT015,Rahul Gupta,adas83@co.in,203.192.185,358241049125248,40423429352099,+91-99538-84526,OTP Bypass,2026-01-17 03:15:00,"Indore, Madhya Pradesh"
RT016,Manoj Devi,mverma87@co.in,14.139.203,358247915504649,40491286990356,+91-91224-54295,Online Scam,2026-01-14 13:32:00,"Solan, Himachal Pradesh"
RT017,Rani Khan,droy85@zohomail.com,182.19.184,358249329872437,40430978310176,+91-96061-97748,UPI Fraud,2026-01-14 03:41:00,"Leh, Ladakh"
RT018,Rani Patel,vreddy81@jobs.in,103.120.149,358248636944396,40421221084172,+91-98079-47593,Phishing SMS,2026-01-14 18:05:00,"Patna, Bihar"
RT019,Rahul Verma,rpatel82@gmail.com,202.88.169,358245664377833,40476047194767,+91-96420-31023,Job Fraud,2026-01-17 04:23:00,"Patna, Bihar"
RT020,Rahul Patel,mkaur88@trade.in,103.120.185,358241767226606,40472288128735,+91-94337-18309,Job Fraud,2026-01-15 13:52:00,"Thiruvananthapuram, Kerala"
RT021,Manoj Kaur,ndevi83@biz.in,203.192.163,358242131575995,40432555947851,+91-90393-80266,Crypto Scam,2026-01-15 20:37:00,"Nagpur, Maharashtra"
RT022,Anjali Verma,mdevi97@yahoo.co.in,14.139.83,358242549765807,40467797235964,+91-98893-10520,OTP Bypass,2026-01-16 09:30:00,"Jamshedpur, Jharkhand"
RT023,Pooja Verma,mpatel81@biz.in,103.120.220,358246248619509,40445097471760,+91-99965-19050,UPI Fraud,2026-01-15 11:33:00,"Bhopal, Madhya Pradesh"
RT024,Pooja Gupta,vreddy86@jobs.in,59.144.150,358248997201117,40425713745502,+91-91103-20211,OTP Bypass,2026-01-15 20:12:00,"Ranchi, Jharkhand"
RT025,Vijay Kaur,rroy90@outlook.in,203.192.177,358246551314501,40488818499321,+91-99844-53698,UPI Fraud,2026-01-15 17:28:00,"Jodhpur, Rajasthan"
RT026,Manoj Sharma,anair90@outlook.in,202.88.159,358246389718275,40433414970090,+91-92532-32425,Online Scam,2026-01-16 12:35:00,"Surat, Gujarat"
RT027,Sita Khan,pyadav98@trade.in,103.120.73,358246003216516,40480725770497,+91-93352-51129,ATM Skimming,2026-01-14 23:34:00,"Vadodara, Gujarat"
RT028,Priya Singh,adevi85@shop.in,117.192.133,358244577396765,40434569885975,+91-90178-77395,UPI Fraud,2026-01-17 07:06:00,"Jodhpur, Rajasthan"
RT029,Meena Khan,akaur94@shop.in,59.144.236,358242730489280,40497060391820,+91-90673-55667,UPI Fraud,2026-01-16 16:12:00,"Gurugram, Haryana"
RT030,Deepak Devi,pmehta85@jobs.in,117.192.60,358247220375678,40487225702435,+91-94399-28575,UPI Fraud,2026-01-16 11:58:00,"Varanasi, Uttar Pradesh"
RT031,Manoj Sharma,droy84@trade.in,202.88.215,358247447260869,40410911230530,+91-98555-55988,Fake Loan App,2026-01-15 22:59:00,"Kanpur, Uttar Pradesh"
RT032,Vijay Roy,rdas86@jobs.in,202.88.90,358241971724419,40427047745122,+91-97986-24439,Fake Loan App,2026-01-14 10:59:00,"Aizawl, Mizoram"
RT033,Priya Khan,pmehta85@zohomail.com,14.139.107,358249054390559,40457333920422,+91-99292-78345,Matrimony Fraud,2026-01-15 13:09:00,"Margao, Goa"
RT034,Pooja Patel,vgupta96@shop.in,103.120.85,358243054003027,40472694230093,+91-94751-13764,Online Scam,2026-01-15 03:19:00,"Dibrugarh, Assam"
RT035,Rohit Mehta,areddy86@co.in,117.192.216,358246339337409,40456411071769,+91-90364-28164,Job Fraud,2026-01-17 13:16:00,"Guntur, Andhra Pradesh"
RT036,Rani Joshi,proy92@trade.in,103.120.177,358243599406339,40473670359331,+91-90243-38421,UPI Fraud,2026-01-14 13:00:00,"Delhi, Delhi"
RT037,Amit Sharma,pnair92@co.in,202.88.144,358243932443552,40467393703369,+91-94704-33825,Job Fraud,2026-01-17 06:59:00,"Solan, Himachal Pradesh"
RT038,Rani Kaur,skhan96@trade.in,14.139.207,358242355375772,40470725710852,+91-99226-26078,Ransomware,2026-01-17 00:59:00,"Jammu, Jammu and Kashmir"
RT039,Rani Devi,ryadav85@zohomail.com,14.139.60,358245816679280,40419633317734,+91-98380-30184,Matrimony Fraud,2026-01-14 04:44:00,"Madurai, Tamil Nadu"
RT040,Sanjay Mehta,rdevi92@co.in,182.19.210,358248092574120,40457406371544,+91-92419-28698,Phishing SMS,2026-01-15 21:33:00,"Coimbatore, Tamil Nadu"
RT041,Neha Sharma,sdevi84@zohomail.com,182.19.249,358247450075144,40453191040780,+91-94261-82692,Crypto Scam,2026-01-17 00:52:00,"Hubballi, Karnataka"
RT042,Deepak Joshi,pmehta82@gmail.com,202.88.159,358247305482176,40438974067722,+91-95595-59011,Online Scam,2026-01-15 17:12:00,"Naharlagun, Arunachal Pradesh"
RT043,Vijay Devi,asharma97@zohomail.com,103.120.228,358245354920898,40477709152069,+91-92870-72776,ATM Skimming,2026-01-17 13:40:00,"Panaji, Goa"
RT044,Deepak Nair,vdevi86@outlook.in,14.139.87,358243009276679,40464151432265,+91-94922-29783,Fake Loan App,2026-01-15 10:06:00,"Puducherry, Puducherry"
RT045,Neha Kaur,ndas91@yahoo.co.in,14.139.215,358244390630199,40464993135503,+91-90425-43171,Fake Loan App,2026-01-15 19:29:00,"Mysuru, Karnataka"
RT046,Rani Joshi,sroy87@trade.in,182.19.113,358244638840183,40483645546159,+91-91917-78556,Crypto Scam,2026-01-16 20:29:00,"Chennai, Tamil Nadu"
RT047,Rani Gupta,mgupta99@gmail.com,117.192.200,358249602897746,40451045079170,+91-97371-56214,Ransomware,2026-01-14 05:16:00,"Bhagalpur, Bihar"
RT048,Manoj Das,msingh88@shop.in,117.192.201,358246906355697,40414642680150,+91-93127-43759,Crypto Scam,2026-01-17 08:35:00,"Ahmedabad, Gujarat"
RT049,Neha Singh,aroy86@shop.in,59.144.78,358241908391005,40429389763005,+91-93067-79339,UPI Fraud,2026-01-15 15:32:00,"Chandigarh, Chandigarh"
RT050,Anjali Yadav,skaur90@jobs.in,14.139.236,358248914704913,40465497687493,+91-90364-43797,Job Fraud,2026-01-14 11:43:00,"Haldwani, Uttarakhand"
RT051,Meena Das,pjoshi81@outlook.in,14.139.190,358242531487867,40492681332146,+91-94013-75529,Crypto Scam,2026-01-15 05:18:00,"Dhanbad, Jharkhand"
RT052,Anjali Mehta,ajoshi99@shop.in,14.139.244,358241011066529,40437863014255,+91-93601-20356,Online Scam,2026-01-15 02:58:00,"Itanagar, Arunachal Pradesh"
RT053,Anjali Khan,agupta89@shop.in,203.192.222,358249537649517,40456834529429,+91-93155-56782,Ransomware,2026-01-15 10:27:00,"Thiruvananthapuram, Kerala"
RT054,Anjali Nair,msharma95@outlook.in,182.19.149,358248283333789,40488242361851,+91-90862-97233,OTP Bypass,2026-01-16 04:42:00,"Dehradun, Uttarakhand"
RT055,Sanjay Joshi,rverma83@zohomail.com,203.192.195,358249479028707,40491451209662,+91-96976-47516,OTP Bypass,2026-01-15 03:06:00,"Naharlagun, Arunachal Pradesh"
RT056,Karan Kaur,akaur97@gmail.com,203.192.151,358242063645995,40421970745462,+91-97102-99582,ATM Skimming,2026-01-16 10:20:00,"Siliguri, West Bengal"
RT057,Rani Khan,asharma93@co.in,117.192.73,358248188235791,40499171305763,+91-91520-62180,Online Scam,2026-01-16 18:40:00,"Shimla, Himachal Pradesh"
RT058,Amit Yadav,ssingh85@yahoo.co.in,203.192.95,358243498114045,40498679200151,+91-92874-21074,Matrimony Fraud,2026-01-14 15:40:00,"Ludhiana, Punjab"
RT059,Anjali Yadav,rnair99@yahoo.co.in,14.139.111,358241433739649,40496883513107,+91-90810-58044,Ransomware,2026-01-15 13:12:00,"Bhubaneswar, Odisha"
RT060,Rani Patel,aroy92@gmail.com,182.19.198,358242675246681,40452654808814,+91-96241-22369,Online Scam,2026-01-14 21:00:00,"Silvassa, Dadra and Nagar Haveli and Daman and Diu"
RT061,Rani Gupta,nreddy89@gmail.com,202.88.171,358242613243280,40442159920017,+91-96315-39068,Job Fraud,2026-01-16 21:07:00,"Ranchi, Jharkhand"
RT062,Rahul Verma,ssingh96@zohomail.com,59.144.140,358244448462920,40431130810230,+91-99048-28736,UPI Fraud,2026-01-17 11:11:00,"Nagpur, Maharashtra"
RT063,Karan Kaur,rdevi97@shop.in,103.120.196,358248040349324,40448740500336,+91-99989-95489,Job Fraud,2026-01-14 19:36:00,"Jammu, Jammu and Kashmir"
RT064,Karan Devi,akhan92@zohomail.com,182.19.153,358247735559563,40425686180674,+91-92593-30007,Online Scam,2026-01-14 04:08:00,"Margao, Goa"
RT065,Priya Patel,msingh90@zohomail.com,202.88.124,358247389331461,40448323165272,+91-93030-77794,Matrimony Fraud,2026-01-14 07:41:00,"Udaipur, Rajasthan"
RT066,Pooja Reddy,mpatel80@biz.in,202.88.91,358246276015254,40414274105304,+91-96321-94585,Job Fraud,2026-01-17 10:37:00,"Siliguri, West Bengal"
RT067,Meena Yadav,rjoshi86@biz.in,117.192.170,358245180969780,40414730112828,+91-90052-85241,Online Scam,2026-01-17 07:15:00,"Gaya, Bihar"
RT068,Rohit Sharma,sverma92@jobs.in,202.88.253,358244766545009,40474807683316,+91-92000-35210,Ransomware,2026-01-14 19:35:00,"Ahmedabad, Gujarat"
RT069,Anjali Devi,ssingh86@jobs.in,59.144.190,358248045907632,40470285933414,+91-98106-24765,Fake Loan App,2026-01-16 17:00:00,"Hubballi, Karnataka"
RT070,Rahul Reddy,rpatel99@shop.in,14.139.157,358241079521463,40469410830255,+91-93185-87264,UPI Fraud,2026-01-17 14:24:00,"Kanpur, Uttar Pradesh"
RT071,Sita Singh,rkhan83@trade.in,59.144.79,358244878538016,40432923644117,+91-97516-63895,OTP Bypass,2026-01-15 08:42:00,"Madurai, Tamil Nadu"
RT072,Priya Singh,myadav82@trade.in,59.144.70,358241000505509,40472501425612,+91-99386-21282,Ransomware,2026-01-17 12:02:00,"Agartala, Tripura"
RT073,Rohit Devi,mkaur85@trade.in,103.120.93,358247630073135,40459418656435,+91-93686-80075,Crypto Scam,2026-01-17 00:51:00,"Itanagar, Arunachal Pradesh"
RT074,Amit Joshi,adas95@outlook.in,59.144.207,358245394613656,40463816540170,+91-91746-71840,OTP Bypass,2026-01-17 04:08:00,"Haldwani, Uttarakhand"
RT075,Rani Roy,ajoshi82@biz.in,203.192.185,358243956017349,40429582430645,+91-90067-19064,UPI Fraud,2026-01-15 13:19:00,"Solan, Himachal Pradesh"
RT076,Rahul Kaur,akaur87@gmail.com,117.192.181,358242182128054,40453220042280,+91-96272-80147,OTP Bypass,2026-01-16 21:17:00,"Hyderabad, Telangana"
RT077,Amit Roy,mroy93@trade.in,117.192.123,358247031528988,40419389708964,+91-95749-16185,ATM Skimming,2026-01-15 02:40:00,"Ludhiana, Punjab"
RT078,Amit Yadav,pkhan88@trade.in,59.144.228,358248685885093,40420924189807,+91-93660-12403,Matrimony Fraud,2026-01-16 04:00:00,"Thrissur, Kerala"
RT079,Rahul Roy,mnair83@biz.in,14.139.102,358247310188559,40431476017374,+91-90929-62350,Job Fraud,2026-01-17 06:03:00,"Raipur, Chhattisgarh"
RT080,Karan Verma,rmehta94@biz.in,14.139.86,358243087984217,40414442520421,+91-93969-29052,Ransomware,2026-01-14 15:16:00,"Agartala, Tripura"
RT081,Karan Roy,vdevi80@shop.in,14.139.103,358247662696584,40439802034569,+91-90656-87913,OTP Bypass,2026-01-16 03:14:00,"Udaipur, Rajasthan"
RT082,Priya Gupta,mgupta86@shop.in,103.120.148,358248475509293,40437873681976,+91-99959-31370,UPI Fraud,2026-01-15 16:43:00,"Asansol, West Bengal"
RT083,Pooja Devi,apatel93@yahoo.co.in,14.139.138,358241223447585,40444240582335,+91-95942-82502,Online Scam,2026-01-16 01:04:00,"Bhubaneswar, Odisha"
RT084,Meena Roy,mreddy93@zohomail.com,59.144.133,358244189376570,40415253761857,+91-92268-16638,Matrimony Fraud,2026-01-14 03:59:00,"Pune, Maharashtra"
RT085,Priya Mehta,sreddy86@zohomail.com,203.192.127,358249720654120,40433538621978,+91-91561-53246,UPI Fraud,2026-01-14 21:57:00,"Lucknow, Uttar Pradesh"
RT086,Rani Roy,ddas87@trade.in,59.144.67,358242212847102,40462247436021,+91-96369-85504,OTP Bypass,2026-01-14 07:53:00,"Thiruvananthapuram, Kerala"
RT087,Vijay Patel,sverma80@shop.in,182.19.153,358248398772253,40435854866520,+91-98865-39602,UPI Fraud,2026-01-15 06:27:00,"Jabalpur, Madhya Pradesh"
RT088,Sita Yadav,akaur95@jobs.in,182.19.243,358246379850775,40484985074502,+91-92585-36064,Fake Loan App,2026-01-15 03:08:00,"Nagpur, Maharashtra"
RT089,Vijay Reddy,mpatel89@shop.in,203.192.109,358243484618294,40414278734349,+91-96076-59281,Job Fraud,2026-01-16 16:44:00,"Dhanbad, Jharkhand"
RT090,Amit Das,rnair90@shop.in,59.144.228,358249677418568,40449710891724,+91-98041-51517,Ransomware,2026-01-14 15:48:00,"Jodhpur, Rajasthan"
RT091,Sita Yadav,rsingh88@jobs.in,59.144.215,358244707263174,40492235090457,+91-96535-27151,OTP Bypass,2026-01-16 00:33:00,"Chennai, Tamil Nadu"
RT092,Rohit Verma,dverma97@biz.in,14.139.217,358244328515281,40429660005115,+91-91059-11173,Job Fraud,2026-01-15 15:35:00,"Amritsar, Punjab"
RT093,Sita Das,vroy89@trade.in,117.192.74,358246343420030,40433078199427,+91-95982-64641,Crypto Scam,2026-01-16 07:43:00,"Raipur, Chhattisgarh"
RT094,Sanjay Khan,nyadav84@shop.in,103.120.75,358246935709981,40468694000767,+91-99192-42110,Online Scam,2026-01-16 05:33:00,"Jaipur, Rajasthan"
RT095,Rohit Gupta,nreddy92@outlook.in,182.19.220,358248216364488,40461991284705,+91-91921-52835,UPI Fraud,2026-01-17 07:00:00,"Dhanbad, Jharkhand"
RT096,Rani Roy,adas95@outlook.in,202.88.98,358245647358433,40468462382607,+91-95207-80904,Fake Loan App,2026-01-16 23:26:00,"Margao, Goa"
RT097,Neha Kaur,rsingh89@jobs.in,14.139.145,358246718399850,40421918478873,+91-99700-98419,Crypto Scam,2026-01-16 00:38:00,"Cuttack, Odisha"
RT098,Deepak Gupta,rverma99@zohomail.com,117.192.85,358248965673507,40487751657194,+91-98733-43522,Job Fraud,2026-01-16 12:14:00,"Leh, Ladakh"
RT099,Neha Singh,skhan94@trade.in,182.19.70,358247813605053,40428478622491,+91-99801-72438,Crypto Scam,2026-01-14 17:28:00,"Lucknow, Uttar Pradesh"
RT100,Sita Mehta,kkhan89@biz.in,103.120.61,358248855464512,40465396644300,+91-92224-58044,Crypto Scam,2026-01-14 07:36:00,"Kavaratti, Lakshadweep"
RT101,Rohit Mehta,rpatel92@zohomail.com,117.192.217,358248324674247,40471165321768,+91-90719-57292,OTP Bypass,2026-01-14 11:04:00,"Dibrugarh, Assam"
RT102,Priya Sharma,aroy87@yahoo.co.in,14.139.113,358241522212670,40436105141451,+91-92865-31150,Matrimony Fraud,2026-01-14 22:16:00,"Kohima, Nagaland"
RT103,Deepak Khan,proy92@biz.in,203.192.241,358242797013272,40453762372672,+91-93399-49863,Ransomware,2026-01-14 11:28:00,"Kavaratti, Lakshadweep"
RT104,Amit Nair,dreddy88@biz.in,14.139.148,358249174937554,40493338287869,+91-96586-66284,Matrimony Fraud,2026-01-16 07:00:00,"Ranchi, Jharkhand"
RT105,Anjali Das,ppatel89@jobs.in,59.144.107,358248769117434,40489663530185,+91-96054-74601,OTP Bypass,2026-01-15 01:57:00,"Siliguri, West Bengal"
RT106,Deepak Joshi,dverma88@yahoo.co.in,103.120.190,358242241101343,40460029939806,+91-91552-22548,Ransomware,2026-01-16 14:21:00,"Kanpur, Uttar Pradesh"
RT107,Pooja Sharma,dkhan88@outlook.in,202.88.109,358242357975540,40417137563058,+91-98157-73012,OTP Bypass,2026-01-15 05:24:00,"Siliguri, West Bengal"
RT108,Karan Yadav,ddas80@outlook.in,117.192.160,358248264948174,40447869009844,+91-96178-12046,Phishing SMS,2026-01-15 11:08:00,"Ranchi, Jharkhand"
RT109,Rohit Devi,rkhan82@co.in,117.192.145,358248642529936,40481814879747,+91-91513-55862,OTP Bypass,2026-01-16 16:34:00,"Kanpur, Uttar Pradesh"
RT110,Rohit Roy,kdevi94@trade.in,202.88.244,358244215297263,40460943444822,+91-98256-31201,Phishing SMS,2026-01-14 11:21:00,"Port Blair, Andaman and Nicobar Islands"
RT111,Sita Singh,syadav86@outlook.in,117.192.89,358241211546205,40477797740559,+91-93667-60897,Crypto Scam,2026-01-16 03:12:00,"Solan, Himachal Pradesh"
RT112,Sanjay Devi,areddy93@gmail.com,182.19.152,358249641395599,40494546931468,+91-90801-40975,Ransomware,2026-01-14 14:23:00,"Jamshedpur, Jharkhand"
RT113,Anjali Verma,rmehta96@jobs.in,59.144.191,358245482938768,40471948146115,+91-99200-57363,Online Scam,2026-01-16 10:43:00,"Jabalpur, Madhya Pradesh"
RT114,Manoj Kaur,nmehta94@zohomail.com,59.144.217,358245582070971,40488127540677,+91-95835-86281,ATM Skimming,2026-01-16 13:05:00,"Patna, Bihar"
RT115,Neha Verma,pverma84@yahoo.co.in,203.192.143,358246665504279,40446988945523,+91-94595-20841,Online Scam,2026-01-15 14:25:00,"Kochi, Kerala"
RT116,Manoj Gupta,ayadav97@jobs.in,14.139.150,358246237028860,40471131642600,+91-94365-92948,UPI Fraud,2026-01-15 14:23:00,"Kanpur, Uttar Pradesh"
RT117,Deepak Khan,ryadav95@jobs.in,14.139.134,358245632873414,40428179201010,+91-95686-61558,Crypto Scam,2026-01-17 08:49:00,"Jaipur, Rajasthan"
RT118,Deepak Joshi,rpatel81@zohomail.com,117.192.165,358243356646875,40461250273903,+91-97487-83976,ATM Skimming,2026-01-15 18:46:00,"Mumbai, Maharashtra"
RT119,Neha Sharma,ayadav99@gmail.com,117.192.220,358249131996553,40410189240501,+91-97142-91450,Online Scam,2026-01-17 05:04:00,"Vijayawada, Andhra Pradesh"
RT120,Pooja Devi,pmehta95@trade.in,202.88.161,358249902682235,40496151682669,+91-93762-20826,UPI Fraud,2026-01-17 13:31:00,"Guntur, Andhra Pradesh"
RT121,Amit Roy,rdevi80@yahoo.co.in,117.192.251,358249597546934,40469687903631,+91-91169-18625,ATM Skimming,2026-01-15 17:49:00,"Varanasi, Uttar Pradesh"
RT122,Sita Gupta,mgupta92@zohomail.com,202.88.105,358241433332415,40428524369822,+91-91051-66598,Crypto Scam,2026-01-14 19:36:00,"Margao, Goa"
RT123,Karan Reddy,ndas89@biz.in,59.144.198,358246332591681,40472740850793,+91-92932-66531,Job Fraud,2026-01-17 08:28:00,"Udaipur, Rajasthan"
RT124,Manoj Roy,mjoshi90@zohomail.com,14.139.233,358246865071790,40448836478395,+91-90830-51315,Crypto Scam,2026-01-16 03:20:00,"Jalandhar, Punjab"
RT125,Amit Yadav,rmehta80@biz.in,14.139.244,358246160694019,40469106963100,+91-96006-55935,Fake Loan App,2026-01-16 18:00:00,"Srinagar, Jammu and Kashmir"
RT126,Sita Joshi,rjoshi88@co.in,203.192.183,358248683509072,40468859493822,+91-99834-93513,ATM Skimming,2026-01-15 11:10:00,"Chennai, Tamil Nadu"
RT127,Rohit Reddy,mroy91@outlook.in,103.120.218,358249568881384,40459473235172,+91-97987-35830,Online Scam,2026-01-14 12:35:00,"Vijayawada, Andhra Pradesh"
RT128,Meena Reddy,ssingh84@co.in,14.139.71,358245887767822,40438118030408,+91-97150-11131,UPI Fraud,2026-01-16 09:55:00,"Itanagar, Arunachal Pradesh"
RT129,Manoj Sharma,djoshi95@zohomail.com,182.19.240,358248637175403,40435945692556,+91-95339-37164,Job Fraud,2026-01-16 21:01:00,"Daman, Dadra and Nagar Haveli and Daman and Diu"
RT130,Priya Yadav,dgupta93@trade.in,103.120.132,358242313544713,40483296933626,+91-90332-12952,ATM Skimming,2026-01-15 03:49:00,"Varanasi, Uttar Pradesh"
RT131,Rohit Kaur,vverma86@gmail.com,14.139.236,358245846916399,40491609458315,+91-94952-51691,Crypto Scam,2026-01-15 04:57:00,"Aizawl, Mizoram"
RT132,Neha Nair,rreddy94@yahoo.co.in,59.144.116,358245266595950,40488544342463,+91-95187-19264,UPI Fraud,2026-01-17 14:41:00,"Chandigarh, Chandigarh"
RT133,Karan Mehta,mkaur99@biz.in,182.19.172,358243593441140,40467657389827,+91-97842-77521,Ransomware,2026-01-17 04:30:00,"Warangal, Telangana"
RT134,Karan Patel,nkaur94@shop.in,182.19.70,358242519565673,40485685126625,+91-90020-94712,Online Scam,2026-01-14 18:45:00,"Silvassa, Dadra and Nagar Haveli and Daman and Diu"
RT135,Sita Singh,mdevi96@outlook.in,202.88.125,358246122349221,40438946508793,+91-94892-11108,Matrimony Fraud,2026-01-14 23:13:00,"Jabalpur, Madhya Pradesh"
RT136,Karan Singh,amehta87@jobs.in,117.192.133,358247708180084,40468364528200,+91-90021-98249,Matrimony Fraud,2026-01-14 13:48:00,"Panaji, Goa"
RT137,Amit Devi,pnair83@jobs.in,202.88.176,358246797696449,40432529056923,+91-95934-64522,Online Scam,2026-01-14 20:43:00,"Panipat, Haryana"
RT138,Sita Das,vmehta93@yahoo.co.in,182.19.73,358241385768150,40471402807579,+91-97675-96122,Fake Loan App,2026-01-15 20:30:00,"Hubballi, Karnataka"
RT139,Manoj Khan,rsingh89@outlook.in,117.192.215,358243597748344,40463533353527,+91-91861-46789,Ransomware,2026-01-15 10:37:00,"Puducherry, Puducherry"
RT140,Sita Reddy,preddy97@co.in,59.144.198,358245078916547,40415717537267,+91-94082-31536,Matrimony Fraud,2026-01-16 20:59:00,"Cuttack, Odisha"
RT141,Anjali Sharma,rreddy89@trade.in,203.192.169,358246097011903,40452646238072,+91-96598-59679,OTP Bypass,2026-01-14 16:07:00,"Gangtok, Sikkim"
RT142,Manoj Singh,mpatel98@yahoo.co.in,14.139.213,358241477558078,40496938523170,+91-91125-85337,Online Scam,2026-01-14 13:39:00,"Gaya, Bihar"
RT143,Meena Kaur,mpatel95@biz.in,182.19.133,358242060126361,40449953821591,+91-99744-33305,Fake Loan App,2026-01-15 12:32:00,"Ahmedabad, Gujarat"
RT144,Rahul Kaur,rkhan81@co.in,202.88.136,358243278022446,40471996430413,+91-97183-75110,OTP Bypass,2026-01-15 04:25:00,"Madurai, Tamil Nadu"
RT145,Deepak Sharma,rmehta99@biz.in,14.139.112,358244662252735,40495446846252,+91-93763-71373,UPI Fraud,2026-01-17 11:32:00,"Patna, Bihar"
RT146,Priya Das,skhan97@shop.in,117.192.169,358246864095871,40474305699792,+91-92859-84993,Job Fraud,2026-01-16 21:29:00,"Kohima, Nagaland"
RT147,Neha Khan,pjoshi87@zohomail.com,59.144.152,358246461552700,40452358751307,+91-95327-24118,Matrimony Fraud,2026-01-16 02:50:00,"Lucknow, Uttar Pradesh"
RT148,Rahul Reddy,snair95@outlook.in,103.120.70,358247106797607,40448128586548,+91-94763-25001,Ransomware,2026-01-16 12:05:00,"Gangtok, Sikkim"
RT149,Manoj Das,rnair85@co.in,182.19.231,358242048524871,40426363526323,+91-97229-57891,OTP Bypass,2026-01-14 13:52:00,"Ranchi, Jharkhand"
RT150,Rahul Reddy,rmehta89@jobs.in,103.120.110,358246306138492,40497467691126,+91-96233-35720,Job Fraud,2026-01-15 12:45:00,"Indore, Madhya Pradesh"
RT151,Deepak Mehta,rroy83@jobs.in,59.144.192,358243332528230,40413319497997,+91-96440-37449,Online Scam,2026-01-16 09:37:00,"Guwahati, Assam"
RT152,Amit Reddy,anair84@trade.in,203.192.75,358244921046747,40410259382810,+91-92422-72902,Online Scam,2026-01-16 18:46:00,"Warangal, Telangana"
RT153,Manoj Joshi,rsingh86@trade.in,182.19.142,358244169098787,40476413391861,+91-96448-98961,Phishing SMS,2026-01-14 22:56:00,"Ludhiana, Punjab"
RT154,Vijay Yadav,rkhan85@yahoo.co.in,117.192.239,358247503982374,40420554274199,+91-98720-92535,Crypto Scam,2026-01-17 06:14:00,"Guwahati, Assam"
RT155,Manoj Singh,sgupta83@shop.in,182.19.197,358246949468447,40454493338143,+91-94402-89534,Phishing SMS,2026-01-17 06:30:00,"Amritsar, Punjab"
RT156,Rohit Reddy,sdevi84@trade.in,103.120.73,358249822201071,40454480675219,+91-90179-71045,ATM Skimming,2026-01-14 05:30:00,"Coimbatore, Tamil Nadu"
RT157,Karan Yadav,akaur89@yahoo.co.in,59.144.178,358241810723653,40421968219260,+91-92534-72587,UPI Fraud,2026-01-14 15:22:00,"Mysuru, Karnataka"
RT158,Neha Joshi,mverma81@yahoo.co.in,117.192.248,358244619342425,40473907868021,+91-99824-13445,Job Fraud,2026-01-16 03:28:00,"Jodhpur, Rajasthan"
RT159,Priya Devi,ayadav82@outlook.in,14.139.249,358246073523933,40445027955130,+91-97665-24537,Job Fraud,2026-01-17 12:03:00,"Margao, Goa"
RT160,Vijay Sharma,ndas81@gmail.com,203.192.109,358248063585342,40452993990688,+91-95360-42612,Ransomware,2026-01-16 15:50:00,"Shillong, Meghalaya"
RT161,Amit Kaur,proy99@zohomail.com,59.144.61,358244299458939,40417276004784,+91-94054-30501,Crypto Scam,2026-01-15 10:38:00,"Kochi, Kerala"
RT162,Amit Roy,vjoshi93@co.in,14.139.154,358244944869963,40432873729845,+91-93115-87676,Online Scam,2026-01-16 13:04:00,"Bhagalpur, Bihar"
RT163,Rahul Yadav,anair80@outlook.in,103.120.248,358247094369472,40452046371514,+91-92493-35097,Crypto Scam,2026-01-15 18:10:00,"Varanasi, Uttar Pradesh"
RT164,Manoj Nair,rdevi81@outlook.in,59.144.98,358243733295779,40439351445583,+91-94884-15468,Matrimony Fraud,2026-01-17 12:06:00,"Haldwani, Uttarakhand"
RT165,Deepak Sharma,rdevi96@zohomail.com,182.19.213,358246874676479,40483386392524,+91-92711-43002,UPI Fraud,2026-01-14 14:20:00,"Bilaspur, Chhattisgarh"
RT166,Pooja Sharma,amehta95@zohomail.com,182.19.242,358248244531434,40431087285177,+91-95504-95683,Online Scam,2026-01-15 06:07:00,"Kanpur, Uttar Pradesh"
RT167,Meena Khan,dreddy99@zohomail.com,117.192.225,358242104186362,40413229508940,+91-93405-34295,Ransomware,2026-01-14 12:26:00,"Pune, Maharashtra"
RT168,Rani Roy,spatel90@gmail.com,117.192.121,358248019499959,40472103769034,+91-96313-21686,Online Scam,2026-01-14 06:39:00,"Bilaspur, Chhattisgarh"
RT169,Priya Gupta,mgupta92@co.in,103.120.238,358242682632949,40457097094237,+91-98299-12944,OTP Bypass,2026-01-14 18:07:00,"Bilaspur, Chhattisgarh"
RT170,Vijay Kaur,rkaur97@yahoo.co.in,202.88.105,358244919841033,40450128520807,+91-99975-94383,Ransomware,2026-01-15 00:16:00,"Puducherry, Puducherry"
RT171,Sita Mehta,vroy88@jobs.in,103.120.125,358243664134783,40481902975746,+91-98201-65892,ATM Skimming,2026-01-16 18:40:00,"Silchar, Assam"
RT172,Rohit Roy,rroy82@shop.in,202.88.129,358246547652169,40466431981446,+91-96730-38689,OTP Bypass,2026-01-16 18:48:00,"Hyderabad, Telangana"
RT173,Sita Mehta,mdas87@jobs.in,14.139.121,358243318642894,40444411888438,+91-96435-80829,Fake Loan App,2026-01-15 16:39:00,"Madurai, Tamil Nadu"
RT174,Priya Verma,ksharma90@yahoo.co.in,117.192.236,358244654959953,40448997553479,+91-93109-30497,Phishing SMS,2026-01-16 15:53:00,"Dehradun, Uttarakhand"
RT175,Meena Kaur,nmehta99@trade.in,203.192.89,358248263809997,40426285519437,+91-90313-13160,Ransomware,2026-01-15 21:40:00,"Kavaratti, Lakshadweep"
RT176,Sita Patel,nsingh99@trade.in,59.144.203,358249977177303,40433263743688,+91-97746-66314,UPI Fraud,2026-01-14 21:20:00,"Kochi, Kerala"
RT177,Karan Nair,ryadav93@shop.in,182.19.60,358242773187547,40424325783289,+91-96161-29665,Phishing SMS,2026-01-15 08:12:00,"Shimla, Himachal Pradesh"
RT178,Sanjay Das,ppatel89@gmail.com,14.139.116,358245695712304,40426318995378,+91-91154-84510,Crypto Scam,2026-01-16 21:27:00,"Jaipur, Rajasthan"
RT179,Rahul Singh,sroy80@gmail.com,202.88.88,358245218148248,40448833186169,+91-96577-44192,UPI Fraud,2026-01-16 12:31:00,"Ahmedabad, Gujarat"
RT180,Amit Mehta,mmehta90@jobs.in,117.192.189,358245123426619,40417858918049,+91-91268-45221,Job Fraud,2026-01-17 01:27:00,"Port Blair, Andaman and Nicobar Islands"
RT181,Manoj Joshi,mkhan92@yahoo.co.in,182.19.65,358241057883723,40452994091516,+91-99425-69554,OTP Bypass,2026-01-15 06:54:00,"Srinagar, Jammu and Kashmir"
RT182,Vijay Mehta,ssharma87@trade.in,117.192.194,358244967008726,40497803813267,+91-94135-60121,ATM Skimming,2026-01-16 10:37:00,"Naharlagun, Arunachal Pradesh"
RT183,Rohit Kaur,rgupta89@outlook.in,202.88.141,358244137786012,40489376015233,+91-98897-17359,Matrimony Fraud,2026-01-14 21:27:00,"Coimbatore, Tamil Nadu"
RT184,Deepak Roy,pkaur82@shop.in,59.144.72,358248992364152,40484036732692,+91-95037-34477,ATM Skimming,2026-01-16 01:07:00,"Naharlagun, Arunachal Pradesh"
RT185,Pooja Roy,ppatel93@yahoo.co.in,182.19.196,358244134444113,40455823737813,+91-99220-83377,Ransomware,2026-01-17 07:43:00,"Kolkata, West Bengal"
RT186,Pooja Das,psingh95@jobs.in,14.139.190,358249338824436,40490863950026,+91-90713-52442,Crypto Scam,2026-01-15 01:32:00,"Itanagar, Arunachal Pradesh"
RT187,Sanjay Khan,rroy88@co.in,117.192.96,358242894230952,40481931321564,+91-97494-19643,ATM Skimming,2026-01-14 04:01:00,"Dhanbad, Jharkhand"
RT188,Vijay Kaur,mgupta82@gmail.com,14.139.150,358241897730947,40446230017211,+91-91101-84523,Fake Loan App,2026-01-16 00:03:00,"Gaya, Bihar"
RT189,Meena Joshi,agupta91@shop.in,117.192.154,358241411111656,40463807591904,+91-92016-22132,Matrimony Fraud,2026-01-14 05:05:00,"Bengaluru, Karnataka"
RT190,Vijay Reddy,rpatel97@shop.in,117.192.203,358248628575452,40434670912270,+91-99681-49959,Job Fraud,2026-01-14 03:46:00,"Jaipur, Rajasthan"
RT191,Priya Devi,rnair82@biz.in,59.144.126,358249454672195,40428166407566,+91-97761-50899,Ransomware,2026-01-15 16:09:00,"Lucknow, Uttar Pradesh"
RT192,Manoj Roy,rmehta84@zohomail.com,14.139.96,358249835271431,40461677029171,+91-99734-96162,Fake Loan App,2026-01-14 17:54:00,"Guntur, Andhra Pradesh"
RT193,Karan Verma,snair81@shop.in,182.19.64,358243906846198,40471848344800,+91-93829-10983,Matrimony Fraud,2026-01-16 04:51:00,"Faridabad, Haryana"
RT194,Rohit Sharma,rroy97@zohomail.com,182.19.215,358245836113868,40425892850564,+91-95880-78656,OTP Bypass,2026-01-15 10:05:00,"Vijayawada, Andhra Pradesh"
RT195,Rahul Kaur,nnair87@co.in,117.192.121,358246528981891,40484698932566,+91-95045-79103,Ransomware,2026-01-14 18:07:00,"Solan, Himachal Pradesh"
RT196,Manoj Singh,pdas98@gmail.com,14.139.140,358241380568342,40497728723471,+91-90848-80785,Ransomware,2026-01-15 05:04:00,"Thrissur, Kerala"
RT197,Anjali Joshi,rroy94@zohomail.com,117.192.242,358244850184107,40497748728290,+91-96549-98738,Matrimony Fraud,2026-01-15 08:16:00,"Gangtok, Sikkim"
RT198,Sanjay Verma,mjoshi94@trade.in,117.192.162,358248751050995,40458126481609,+91-91317-55515,OTP Bypass,2026-01-17 02:27:00,"Kanpur, Uttar Pradesh"
RT199,Anjali Devi,mdevi82@biz.in,117.192.130,358243826183060,40464606409449,+91-90693-56189,Phishing SMS,2026-01-17 06:14:00,"Gurugram, Haryana"
RT200,Rohit Gupta,pjoshi94@biz.in,182.19.176,358246075008639,40489690434780,+91-95276-58499,Matrimony Fraud,2026-01-16 20:33:00,"Agartala, Tripura"
RT201,Sanjay Devi,dreddy91@trade.in,117.192.81,358243158096705,40443204619638,+91-97445-85770,Online Scam,2026-01-15 18:52:00,"Siliguri, West Bengal"
RT202,Meena Nair,preddy82@co.in,14.139.180,358245252637636,40485492337526,+91-96887-41042,UPI Fraud,2026-01-16 21:34:00,"Shimla, Himachal Pradesh"
RT203,Rahul Patel,sdevi84@shop.in,182.19.215,358249994635818,40494848170045,+91-98248-91742,Crypto Scam,2026-01-14 07:58:00,"Pune, Maharashtra"
RT204,Rohit Reddy,aroy82@shop.in,117.192.157,358243991095420,40455873371664,+91-91072-85531,Crypto Scam,2026-01-15 06:23:00,"Amritsar, Punjab"
RT205,Pooja Reddy,averma81@jobs.in,14.139.104,358243316193351,40425527399456,+91-92043-88201,Matrimony Fraud,2026-01-15 17:01:00,"Bhopal, Madhya Pradesh"
RT206,Neha Nair,vkhan89@outlook.in,117.192.255,358243705057110,40436396383379,+91-95491-18615,Job Fraud,2026-01-15 13:16:00,"Gaya, Bihar"
RT207,Manoj Yadav,rkaur91@zohomail.com,117.192.105,358248619945539,40449975823770,+91-97533-19400,Online Scam,2026-01-15 18:02:00,"Patna, Bihar"
RT208,Priya Joshi,psingh94@outlook.in,103.120.244,358247746028835,40472058315489,+91-91531-42358,Crypto Scam,2026-01-17 04:13:00,"Surat, Gujarat"
RT209,Rani Joshi,pverma88@zohomail.com,203.192.211,358243487223944,40470071176075,+91-92023-20392,Ransomware,2026-01-17 11:57:00,"Hyderabad, Telangana"
RT210,Rohit Verma,adas91@yahoo.co.in,117.192.225,358245751123410,40464487009521,+91-92525-89076,Ransomware,2026-01-14 06:40:00,"Bhopal, Madhya Pradesh"
RT211,Rohit Patel,averma87@co.in,203.192.155,358247907410567,40463851891022,+91-97292-67822,OTP Bypass,2026-01-16 10:11:00,"Mysuru, Karnataka"
RT212,Amit Joshi,mdas88@zohomail.com,103.120.69,358245105918475,40411427777650,+91-95770-37059,Phishing SMS,2026-01-16 17:23:00,"Kochi, Kerala"
RT213,Rani Mehta,psingh84@gmail.com,202.88.126,358241680535401,40455801665629,+91-91807-43079,UPI Fraud,2026-01-16 22:54:00,"Asansol, West Bengal"
RT214,Deepak Devi,sdevi81@biz.in,59.144.149,358243918511454,40411376782593,+91-97555-51876,Fake Loan App,2026-01-15 12:21:00,"Srinagar, Jammu and Kashmir"
RT215,Karan Nair,apatel85@co.in,182.19.82,358247705799670,40450116346602,+91-96193-83969,Fake Loan App,2026-01-16 11:55:00,"Jamshedpur, Jharkhand"
RT216,Anjali Kaur,dyadav87@jobs.in,14.139.62,358247823250334,40414412429202,+91-92609-41199,OTP Bypass,2026-01-16 11:16:00,"Rourkela, Odisha"
RT217,Vijay Das,sreddy98@yahoo.co.in,117.192.120,358247234548327,40425050115737,+91-95059-99614,Phishing SMS,2026-01-17 04:23:00,"Surat, Gujarat"
RT218,Karan Gupta,ssingh98@outlook.in,203.192.92,358242676058936,40483008046701,+91-97414-27361,Phishing SMS,2026-01-16 10:46:00,"Madurai, Tamil Nadu"
RT219,Rahul Patel,pmehta96@outlook.in,182.19.83,358248251879777,40421541141187,+91-97178-75320,Ransomware,2026-01-14 04:37:00,"Leh, Ladakh"
RT220,Neha Kaur,vnair91@jobs.in,103.120.90,358247573086558,40477514383008,+91-93915-34615,Online Scam,2026-01-15 04:57:00,"Haldwani, Uttarakhand"
RT221,Deepak Devi,asingh95@gmail.com,14.139.100,358248432251753,40471912637318,+91-99625-23117,Online Scam,2026-01-17 03:07:00,"Delhi, Delhi"
RT222,Vijay Mehta,areddy95@co.in,59.144.115,358247878771315,40461390395708,+91-97028-90032,UPI Fraud,2026-01-16 20:06:00,"Bhubaneswar, Odisha"
RT223,Sanjay Yadav,mreddy87@shop.in,202.88.255,358249828641214,40483613868572,+91-97319-53585,UPI Fraud,2026-01-15 19:57:00,"Dehradun, Uttarakhand"
RT224,Pooja Gupta,psingh96@yahoo.co.in,59.144.96,358241967222882,40472689618214,+91-94407-84974,Phishing SMS,2026-01-15 11:34:00,"Karaikal, Puducherry"
RT225,Rani Joshi,rreddy87@trade.in,14.139.136,358245521175615,40473646351908,+91-92602-57454,Phishing SMS,2026-01-16 19:38:00,"Kavaratti, Lakshadweep"
RT226,Sita Kaur,ddas98@shop.in,203.192.153,358242537082998,40493374216512,+91-94931-17508,Phishing SMS,2026-01-15 12:14:00,"Guntur, Andhra Pradesh"
RT227,Rahul Joshi,msingh91@biz.in,14.139.149,358247293892314,40456372959399,+91-94792-87828,UPI Fraud,2026-01-16 00:58:00,"Visakhapatnam, Andhra Pradesh"
RT228,Karan Nair,rkaur85@outlook.in,182.19.235,358242027554635,40422947052630,+91-94887-48945,Matrimony Fraud,2026-01-16 15:09:00,"Vadodara, Gujarat"
RT229,Sanjay Sharma,akhan97@co.in,103.120.221,358243954597046,40482944147136,+91-92890-71492,ATM Skimming,2026-01-14 11:27:00,"Jamshedpur, Jharkhand"
RT230,Amit Mehta,pdevi90@biz.in,202.88.219,358245448571877,40458046454735,+91-95416-36768,Job Fraud,2026-01-15 16:04:00,"Dehradun, Uttarakhand"
RT231,Anjali Kaur,npatel91@outlook.in,103.120.109,358244529041559,40434430022148,+91-96419-35700,Job Fraud,2026-01-15 16:14:00,"Gaya, Bihar"
RT232,Amit Verma,rverma92@co.in,203.192.233,358245132530691,40426554357112,+91-92259-83126,UPI Fraud,2026-01-17 07:56:00,"Vijayawada, Andhra Pradesh"
RT233,Karan Reddy,nnair96@yahoo.co.in,117.192.86,358242729695401,40495240373336,+91-97264-72455,Fake Loan App,2026-01-14 04:39:00,"Thiruvananthapuram, Kerala"
RT234,Rohit Verma,skaur81@co.in,202.88.176,358247249854485,40412642007300,+91-95731-17846,Fake Loan App,2026-01-15 07:47:00,"Dhanbad, Jharkhand"
RT235,Priya Das,nnair98@biz.in,59.144.60,358244983141326,40418877540084,+91-98779-52928,UPI Fraud,2026-01-16 18:36:00,"Coimbatore, Tamil Nadu"
RT236,Anjali Patel,sroy91@gmail.com,117.192.233,358249829631379,40451377713283,+91-94040-44200,Ransomware,2026-01-15 09:56:00,"Hubballi, Karnataka"
RT237,Pooja Joshi,mmehta81@yahoo.co.in,117.192.128,358243414721834,40497572243031,+91-98194-74067,Fake Loan App,2026-01-16 19:18:00,"Imphal, Manipur"
RT238,Meena Mehta,proy94@biz.in,202.88.206,358248924511321,40428284838866,+91-92342-32636,ATM Skimming,2026-01-14 22:06:00,"Dibrugarh, Assam"
RT239,Karan Kaur,spatel80@biz.in,202.88.125,358242062186964,40482209270194,+91-99240-66869,OTP Bypass,2026-01-15 06:19:00,"Silvassa, Dadra and Nagar Haveli and Daman and Diu"
RT240,Vijay Devi,rpatel93@trade.in,202.88.79,358248769373319,40435968204987,+91-93953-95621,Matrimony Fraud,2026-01-17 11:57:00,"Thiruvananthapuram, Kerala"
RT241,Sita Khan,akhan89@outlook.in,59.144.173,358244228997146,40497547835563,+91-93268-76837,Fake Loan App,2026-01-16 01:40:00,"Ahmedabad, Gujarat"
RT242,Deepak Khan,adas80@zohomail.com,182.19.166,358245088623772,40474063206191,+91-93572-36570,Phishing SMS,2026-01-17 12:54:00,"Warangal, Telangana"
RT243,Rani Mehta,agupta81@jobs.in,59.144.116,358247421488681,40438537403100,+91-94793-67879,Matrimony Fraud,2026-01-15 05:08:00,"Gaya, Bihar"
RT244,Priya Joshi,pnair80@co.in,182.19.188,358248666335820,40417456728380,+91-90240-61257,Crypto Scam,2026-01-15 02:29:00,"Kolkata, West Bengal"
RT245,Rani Kaur,averma89@gmail.com,103.120.228,358246745038626,40413119038836,+91-99134-19612,UPI Fraud,2026-01-14 06:34:00,"Gangtok, Sikkim"
RT246,Pooja Verma,pkaur97@co.in,203.192.211,358242939929858,40452718584501,+91-99229-24183,ATM Skimming,2026-01-15 15:07:00,"Cuttack, Odisha"
RT247,Sita Mehta,vyadav84@biz.in,202.88.165,358248097457344,40499217778025,+91-97317-42767,Matrimony Fraud,2026-01-16 06:36:00,"Port Blair, Andaman and Nicobar Islands"
RT248,Neha Mehta,syadav98@gmail.com,203.192.90,358243168493902,40458502796067,+91-99928-67862,OTP Bypass,2026-01-16 03:50:00,"Karaikal, Puducherry"
RT249,Rohit Das,asharma87@co.in,203.192.210,358244458341806,40416813176793,+91-96068-78734,Job Fraud,2026-01-16 11:15:00,"Rourkela, Odisha"
RT250,Karan Roy,asingh91@outlook.in,182.19.210,358243319215226,40428799164503,+91-91547-51652,Ransomware,2026-01-16 07:31:00,"Coimbatore, Tamil Nadu"
RT251,Vijay Roy,amehta89@gmail.com,202.88.185,358241216569294,40459464865960,+91-90058-70704,UPI Fraud,2026-01-17 08:41:00,"Jamshedpur, Jharkhand"
RT252,Sita Mehta,kdevi95@jobs.in,14.139.102,358249652959987,40468144255359,+91-90087-95440,Online Scam,2026-01-15 16:51:00,"Jabalpur, Madhya Pradesh"
RT253,Rohit Devi,pkhan82@outlook.in,103.120.168,358245664718004,40490636780783,+91-92172-28740,OTP Bypass,2026-01-14 22:09:00,"Kochi, Kerala"
RT254,Priya Reddy,rdas95@zohomail.com,103.120.251,358244042056141,40418271954818,+91-99200-28816,UPI Fraud,2026-01-14 09:27:00,"Dehradun, Uttarakhand"
RT255,Anjali Gupta,pverma86@shop.in,14.139.186,358246100678552,40415082305703,+91-98408-12685,Ransomware,2026-01-16 17:43:00,"Kanpur, Uttar Pradesh"
RT256,Amit Joshi,anair83@co.in,203.192.87,358243273226464,40444296354364,+91-94303-73534,Online Scam,2026-01-16 15:33:00,"Silchar, Assam"
RT257,Meena Patel,sjoshi88@shop.in,59.144.125,358241191725401,40414402561739,+91-95228-44236,Fake Loan App,2026-01-16 10:48:00,"Guwahati, Assam"
RT258,Deepak Yadav,rsharma86@gmail.com,202.88.88,358244395521088,40430681263301,+91-93799-62527,OTP Bypass,2026-01-15 05:59:00,"Dibrugarh, Assam"
RT259,Anjali Kaur,pgupta92@gmail.com,103.120.193,358248354021316,40455333584948,+91-96458-36705,Matrimony Fraud,2026-01-14 09:48:00,"Mysuru, Karnataka"
RT260,Anjali Yadav,rroy91@zohomail.com,59.144.146,358242708419116,40416751447370,+91-95822-77822,Online Scam,2026-01-16 09:31:00,"Kavaratti, Lakshadweep"
RT261,Sita Singh,sgupta94@yahoo.co.in,117.192.91,358248176273778,40434432786007,+91-95292-19932,Ransomware,2026-01-14 05:27:00,"Indore, Madhya Pradesh"
RT262,Sanjay Mehta,areddy93@jobs.in,182.19.134,358244176590323,40433871778529,+91-94740-26107,Fake Loan App,2026-01-17 11:57:00,"Mandi, Himachal Pradesh"
RT263,Sita Das,asharma84@zohomail.com,202.88.138,358246138524894,40456380872147,+91-92044-57867,OTP Bypass,2026-01-15 05:12:00,"Karaikal, Puducherry"
RT264,Sanjay Patel,ndevi85@trade.in,59.144.250,358247311444557,40476634683597,+91-96335-98795,Ransomware,2026-01-15 16:13:00,"Bhopal, Madhya Pradesh"
RT265,Vijay Sharma,nverma97@outlook.in,103.120.178,358242437151692,40459991659348,+91-98424-79819,Online Scam,2026-01-14 23:52:00,"Kohima, Nagaland"
RT266,Neha Reddy,dpatel92@outlook.in,203.192.113,358246592338428,40425410909358,+91-97728-95955,Job Fraud,2026-01-15 09:27:00,"Ahmedabad, Gujarat"
RT267,Deepak Patel,skaur88@jobs.in,103.120.167,358247283379806,40420860909947,+91-98830-54910,OTP Bypass,2026-01-16 15:46:00,"Kochi, Kerala"
RT268,Vijay Mehta,ajoshi99@gmail.com,103.120.96,358244091577273,40459298955968,+91-96559-60136,UPI Fraud,2026-01-16 07:03:00,"New Delhi, Delhi"
RT269,Rahul Kaur,akhan96@shop.in,14.139.97,358246788027720,40453501737714,+91-92292-64699,Ransomware,2026-01-16 04:48:00,"Warangal, Telangana"
RT270,Rohit Sharma,psharma94@outlook.in,14.139.188,358241166470396,40452423525310,+91-97601-28062,Phishing SMS,2026-01-17 00:00:00,"Bilaspur, Chhattisgarh"
RT271,Rahul Patel,spatel92@zohomail.com,182.19.123,358241979018397,40452146792547,+91-92126-49965,ATM Skimming,2026-01-14 20:24:00,"Vijayawada, Andhra Pradesh"
RT272,Sita Kaur,rdas92@gmail.com,117.192.88,358246131260388,40485300921327,+91-94051-16964,Online Scam,2026-01-14 18:46:00,"Margao, Goa"
RT273,Sita Sharma,rsingh84@gmail.com,117.192.183,358247390787809,40428852756685,+91-99825-89088,Online Scam,2026-01-16 10:46:00,"Kanpur, Uttar Pradesh"
RT274,Rahul Singh,rgupta93@outlook.in,14.139.135,358243990987816,40488500872325,+91-99174-65163,UPI Fraud,2026-01-16 04:38:00,"Asansol, West Bengal"
RT275,Rani Devi,msharma99@gmail.com,103.120.182,358242936725914,40431043159121,+91-97648-13602,ATM Skimming,2026-01-14 11:30:00,"Thrissur, Kerala"
RT276,Karan Verma,msharma93@co.in,103.120.127,358246486878127,40458023511477,+91-97592-39888,Fake Loan App,2026-01-15 17:09:00,"Gangtok, Sikkim"
RT277,Anjali Das,pkaur84@co.in,59.144.71,358245132815414,40455823042389,+91-96878-97734,ATM Skimming,2026-01-14 15:57:00,"Thrissur, Kerala"
RT278,Amit Verma,rroy96@jobs.in,182.19.128,358245130999022,40419543043660,+91-98087-83097,Fake Loan App,2026-01-16 04:39:00,"Silvassa, Dadra and Nagar Haveli and Daman and Diu"
RT279,Rani Sharma,mdevi96@biz.in,182.19.112,358245670201618,40476955573481,+91-95192-42717,Crypto Scam,2026-01-15 06:25:00,"Jabalpur, Madhya Pradesh"
RT280,Sanjay Singh,asharma83@biz.in,59.144.228,358246816262614,40439776166650,+91-97392-89066,Job Fraud,2026-01-16 20:37:00,"Thiruvananthapuram, Kerala"
RT281,Meena Verma,areddy83@outlook.in,14.139.178,358242422744602,40466657216259,+91-96228-38055,UPI Fraud,2026-01-14 05:43:00,"Bhubaneswar, Odisha"
RT282,Rohit Patel,mgupta96@jobs.in,202.88.222,358246097901334,40481839122426,+91-99152-93500,Fake Loan App,2026-01-14 07:23:00,"Daman, Dadra and Nagar Haveli and Daman and Diu"
RT283,Rani Joshi,dpatel89@outlook.in,182.19.96,358242711000148,40410446641607,+91-99051-21640,OTP Bypass,2026-01-15 22:34:00,"Mumbai, Maharashtra"
RT284,Rohit Das,msharma89@gmail.com,59.144.99,358245041202510,40485941614540,+91-93489-20085,Online Scam,2026-01-14 10:01:00,"Agartala, Tripura"
RT285,Amit Nair,averma97@trade.in,14.139.72,358244862615892,40456784492572,+91-93138-71283,Matrimony Fraud,2026-01-14 06:49:00,"Bhagalpur, Bihar"
RT286,Manoj Verma,pverma88@jobs.in,202.88.81,358248970212221,40441673467776,+91-92143-64010,ATM Skimming,2026-01-15 23:37:00,"Mumbai, Maharashtra"
RT287,Rohit Khan,ppatel87@gmail.com,59.144.185,358248366505733,40429620334909,+91-96223-40267,Ransomware,2026-01-16 21:40:00,"New Delhi, Delhi"
RT288,Pooja Yadav,skhan96@trade.in,117.192.234,358242288055438,40483329658515,+91-90715-51701,Online Scam,2026-01-15 23:39:00,"Delhi, Delhi"
RT289,Priya Joshi,rkhan83@yahoo.co.in,14.139.68,358246650193682,40487528889220,+91-92389-17152,UPI Fraud,2026-01-15 10:21:00,"Jodhpur, Rajasthan"
RT290,Vijay Patel,njoshi89@co.in,59.144.140,358244447397155,40447936641206,+91-92751-68650,Online Scam,2026-01-17 00:25:00,"Dhanbad, Jharkhand"
RT291,Meena Patel,mnair84@co.in,182.19.99,358247636514341,40429718221743,+91-91515-84054,Job Fraud,2026-01-14 23:09:00,"Warangal, Telangana"
RT292,Priya Kaur,aroy95@trade.in,117.192.76,358247999027356,40431806437056,+91-94030-63067,Crypto Scam,2026-01-16 11:07:00,"Srinagar, Jammu and Kashmir"
RT293,Deepak Patel,ngupta86@shop.in,59.144.195,358242263535790,40493683547470,+91-97276-23546,OTP Bypass,2026-01-17 04:06:00,"Kochi, Kerala"
RT294,Rani Verma,rsingh90@zohomail.com,202.88.213,358246617270623,40429683784829,+91-90570-22067,Matrimony Fraud,2026-01-16 06:15:00,"Chennai, Tamil Nadu"
RT295,Meena Patel,vkhan82@trade.in,202.88.189,358241213434164,40460718431442,+91-97577-43596,Ransomware,2026-01-14 17:37:00,"Bhilai, Chhattisgarh"
RT296,Deepak Das,mreddy91@outlook.in,59.144.222,358246306028892,40422383465449,+91-92002-54984,ATM Skimming,2026-01-16 08:18:00,"Varanasi, Uttar Pradesh"
RT297,Vijay Sharma,anair84@outlook.in,203.192.159,358242120995400,40470123925257,+91-90508-10472,UPI Fraud,2026-01-15 22:00:00,"Margao, Goa"
RT298,Rani Nair,sjoshi97@biz.in,182.19.163,358244277725045,40425574847978,+91-98363-43878,Phishing SMS,2026-01-15 07:52:00,"Jamshedpur, Jharkhand"
RT299,Manoj Devi,nmehta98@gmail.com,103.120.197,358245045058186,40461347297960,+91-99694-68325,Job Fraud,2026-01-16 07:13:00,"Bhopal, Madhya Pradesh"
RT300,Priya Verma,rjoshi82@co.in,203.192.171,358243066603824,40411190336548,+91-99309-25386,Phishing SMS,2026-01-15 09:28:00,"Jabalpur, Madhya Pradesh"
RT301,Rahul Verma,amehta85@trade.in,117.192.61,358246856203869,40492306595345,+91-94104-10763,Matrimony Fraud,2026-01-15 02:10:00,"Thiruvananthapuram, Kerala"
RT302,Karan Das,mmehta93@shop.in,103.120.203,358248270934832,40455450133212,+91-97164-22584,Online Scam,2026-01-14 10:13:00,"Faridabad, Haryana"
RT303,Rahul Nair,ksingh83@zohomail.com,117.192.249,358244148192967,40438116740064,+91-98541-34178,Ransomware,2026-01-16 16:12:00,"Gangtok, Sikkim"
RT304,Amit Gupta,dnair96@zohomail.com,203.192.179,358242226266773,40496069969243,+91-96214-75991,Matrimony Fraud,2026-01-16 18:44:00,"Margao, Goa"
RT305,Vijay Devi,pverma87@outlook.in,59.144.154,358242850585609,40433962903157,+91-97651-76240,Matrimony Fraud,2026-01-15 14:18:00,"Silvassa, Dadra and Nagar Haveli and Daman and Diu"
RT306,Amit Roy,mmehta82@co.in,182.19.192,358244454725547,40425760019234,+91-93713-15208,Crypto Scam,2026-01-16 13:28:00,"Bhagalpur, Bihar"
RT307,Anjali Singh,pmehta99@biz.in,117.192.142,358249687832352,40486599635068,+91-97287-51185,UPI Fraud,2026-01-15 09:16:00,"Solan, Himachal Pradesh"
RT308,Priya Joshi,knair94@zohomail.com,117.192.214,358242601607966,40484050971577,+91-93201-40508,Fake Loan App,2026-01-16 05:05:00,"Silchar, Assam"
RT309,Priya Sharma,asharma83@yahoo.co.in,203.192.204,358248565538477,40495841217455,+91-99873-61043,UPI Fraud,2026-01-17 06:56:00,"Margao, Goa"
RT310,Sita Kaur,nnair85@yahoo.co.in,203.192.124,358243919330294,40488297096773,+91-92195-16000,UPI Fraud,2026-01-16 19:06:00,"Jodhpur, Rajasthan"
RT311,Sita Khan,adevi85@gmail.com,203.192.181,358245470105820,40478034161599,+91-93533-38818,Phishing SMS,2026-01-15 09:48:00,"Karaikal, Puducherry"
RT312,Meena Patel,kkaur93@biz.in,182.19.106,358245636771652,40465984551275,+91-94134-29268,OTP Bypass,2026-01-15 03:09:00,"Itanagar, Arunachal Pradesh"
RT313,Karan Joshi,pjoshi94@yahoo.co.in,203.192.116,358246945930650,40461957114572,+91-96794-18748,Job Fraud,2026-01-17 06:06:00,"Port Blair, Andaman and Nicobar Islands"
RT314,Rohit Verma,averma94@zohomail.com,14.139.157,358243845318084,40450944346989,+91-96701-57326,UPI Fraud,2026-01-14 18:19:00,"New Delhi, Delhi"
RT315,Priya Das,smehta80@jobs.in,203.192.72,358244068451319,40429618642009,+91-91154-93937,Ransomware,2026-01-14 03:44:00,"Gaya, Bihar"
RT316,Meena Yadav,preddy84@co.in,103.120.252,358246869212763,40484471588408,+91-99981-60794,UPI Fraud,2026-01-16 11:33:00,"Puducherry, Puducherry"
RT317,Deepak Khan,sreddy96@co.in,182.19.116,358242109937201,40460636961446,+91-90458-70889,Matrimony Fraud,2026-01-17 11:10:00,"Udaipur, Rajasthan"
RT318,Karan Singh,ssingh98@zohomail.com,203.192.71,358242158519725,40448670900175,+91-94648-79070,ATM Skimming,2026-01-16 09:59:00,"Ahmedabad, Gujarat"
RT319,Neha Singh,rdas89@trade.in,203.192.88,358248016563372,40424943241279,+91-98181-79576,UPI Fraud,2026-01-15 21:28:00,"Bhagalpur, Bihar"
RT320,Anjali Devi,pkaur87@yahoo.co.in,117.192.219,358243640633766,40460381275718,+91-95180-16250,Phishing SMS,2026-01-15 19:20:00,"Jabalpur, Madhya Pradesh"
RT321,Pooja Reddy,sverma87@trade.in,117.192.223,358243198081373,40479630183411,+91-90922-13070,OTP Bypass,2026-01-16 16:55:00,"Visakhapatnam, Andhra Pradesh"
RT322,Meena Verma,dgupta81@zohomail.com,14.139.117,358244902145738,40452031673799,+91-96632-13724,UPI Fraud,2026-01-15 04:15:00,"Gurugram, Haryana"
RT323,Meena Khan,smehta97@yahoo.co.in,182.19.134,358247545417186,40447250475858,+91-92155-13924,OTP Bypass,2026-01-15 07:00:00,"Bhagalpur, Bihar"
RT324,Sanjay Gupta,msharma83@zohomail.com,14.139.192,358244568367376,40480287071723,+91-98921-38348,Phishing SMS,2026-01-17 08:17:00,"Leh, Ladakh"
RT325,Karan Nair,kdas89@jobs.in,103.120.135,358249225643226,40447799661929,+91-95082-25365,Ransomware,2026-01-16 11:27:00,"Kanpur, Uttar Pradesh"
RT326,Rohit Sharma,dnair99@trade.in,202.88.196,358249544578807,40449132461740,+91-91502-92362,OTP Bypass,2026-01-14 22:50:00,"Delhi, Delhi"
RT327,Priya Devi,pjoshi89@biz.in,59.144.205,358246130497024,40494260751217,+91-90008-23395,Crypto Scam,2026-01-15 21:52:00,"Solan, Himachal Pradesh"
RT328,Priya Gupta,mdevi98@shop.in,103.120.237,358242918869407,40418715009884,+91-94242-87140,Online Scam,2026-01-15 03:27:00,"Jaipur, Rajasthan"
RT329,Karan Nair,sdas85@yahoo.co.in,182.19.224,358246557365530,40418701191531,+91-99090-36833,ATM Skimming,2026-01-16 11:12:00,"Raipur, Chhattisgarh"
RT330,Karan Joshi,sdas85@yahoo.co.in,182.19.73,358245447599175,40438804206206,+91-94079-30912,Job Fraud,2026-01-15 01:08:00,"Bhubaneswar, Odisha"
RT331,Rani Khan,proy81@zohomail.com,59.144.92,358242864768085,40425103129159,+91-94842-32266,Online Scam,2026-01-15 11:02:00,"Thrissur, Kerala"
RT332,Meena Gupta,adevi83@shop.in,103.120.241,358245720753939,40467671005584,+91-90393-16036,UPI Fraud,2026-01-15 23:07:00,"Delhi, Delhi"
RT333,Manoj Singh,adevi92@yahoo.co.in,14.139.128,358248911816077,40444386720929,+91-96208-49253,Ransomware,2026-01-15 07:08:00,"Jalandhar, Punjab"
RT334,Rani Reddy,rreddy91@yahoo.co.in,59.144.148,358245343879583,40448323054712,+91-99996-45418,Crypto Scam,2026-01-17 13:25:00,"Haldwani, Uttarakhand"
RT335,Pooja Patel,rgupta90@gmail.com,103.120.196,358249945724122,40431724890069,+91-91628-81520,Online Scam,2026-01-14 17:32:00,"Guwahati, Assam"
RT336,Neha Devi,nverma91@biz.in,59.144.169,358246214724541,40426946246505,+91-93306-39278,Crypto Scam,2026-01-15 08:50:00,"Daman, Dadra and Nagar Haveli and Daman and Diu"
RT337,Vijay Devi,rnair81@gmail.com,117.192.193,358244127060812,40447951697630,+91-96155-96204,Phishing SMS,2026-01-16 07:52:00,"Jamshedpur, Jharkhand"
RT338,Manoj Reddy,dreddy92@biz.in,182.19.207,358244430080812,40453136787862,+91-93111-89507,UPI Fraud,2026-01-16 20:11:00,"Silchar, Assam"
RT339,Anjali Devi,akaur97@zohomail.com,59.144.173,358248424460589,40496393276013,+91-92884-88463,Crypto Scam,2026-01-16 20:01:00,"Bhagalpur, Bihar"
RT340,Meena Verma,rkaur81@yahoo.co.in,14.139.173,358243340489075,40463805916143,+91-93169-66008,ATM Skimming,2026-01-14 04:13:00,"Kochi, Kerala"
RT341,Karan Das,agupta80@shop.in,14.139.248,358242287942554,40411308588570,+91-90398-98134,Crypto Scam,2026-01-15 10:50:00,"Rourkela, Odisha"
RT342,Pooja Verma,proy87@yahoo.co.in,59.144.95,358245530571398,40431630251931,+91-92320-79345,Crypto Scam,2026-01-15 00:43:00,"Jabalpur, Madhya Pradesh"
RT343,Amit Sharma,sdevi88@shop.in,14.139.143,358245170448134,40441802735307,+91-94620-43408,UPI Fraud,2026-01-16 09:12:00,"Agartala, Tripura"
RT344,Sanjay Roy,dkhan90@gmail.com,117.192.96,358241577954538,40481845197737,+91-96373-14451,Fake Loan App,2026-01-15 05:22:00,"Imphal, Manipur"
RT345,Vijay Singh,mroy98@biz.in,202.88.117,358249963046809,40464105031017,+91-91991-21074,Online Scam,2026-01-17 04:36:00,"Haldwani, Uttarakhand"
RT346,Rohit Khan,dsharma84@gmail.com,117.192.210,358245109878020,40498972937248,+91-91179-70878,Ransomware,2026-01-15 07:04:00,"Jodhpur, Rajasthan"
RT347,Meena Sharma,nnair99@gmail.com,14.139.169,358242489079367,40417267808033,+91-97388-86580,Crypto Scam,2026-01-16 14:17:00,"Nagpur, Maharashtra"
RT348,Rani Mehta,adevi89@biz.in,182.19.244,358249801640862,40493294791541,+91-99934-34672,Online Scam,2026-01-15 12:13:00,"Bengaluru, Karnataka"
RT349,Anjali Roy,dkaur98@yahoo.co.in,203.192.103,358245078711285,40473582573032,+91-96686-64590,UPI Fraud,2026-01-16 02:21:00,"Jammu, Jammu and Kashmir"
RT350,Rahul Khan,apatel86@gmail.com,182.19.172,358242042448154,40448456270213,+91-92072-45613,OTP Bypass,2026-01-17 01:42:00,"Bhopal, Madhya Pradesh"
RT351,Rani Das,pverma87@trade.in,103.120.71,358241554932728,40477856746124,+91-99696-84338,Matrimony Fraud,2026-01-15 08:37:00,"Bhilai, Chhattisgarh"
RT352,Meena Roy,rroy96@co.in,103.120.167,358243144144747,40469272036567,+91-97014-49510,Phishing SMS,2026-01-14 10:46:00,"Shimla, Himachal Pradesh"
RT353,Rahul Das,msingh87@outlook.in,59.144.155,358245666719559,40426794107248,+91-94018-88968,Online Scam,2026-01-16 17:39:00,"Bhopal, Madhya Pradesh"
RT354,Rahul Patel,mroy93@co.in,103.120.171,358245023852891,40463258325487,+91-97306-53059,Matrimony Fraud,2026-01-15 10:06:00,"Srinagar, Jammu and Kashmir"
RT355,Sita Roy,asharma91@biz.in,103.120.95,358245142272958,40479547794430,+91-92778-90133,OTP Bypass,2026-01-15 01:32:00,"Kohima, Nagaland"
RT356,Sanjay Gupta,mnair88@shop.in,182.19.249,358242092988259,40470597907449,+91-93119-96968,Crypto Scam,2026-01-16 03:50:00,"Puducherry, Puducherry"
RT357,Amit Mehta,mkhan82@trade.in,14.139.248,358247209530832,40446302487628,+91-94228-38564,UPI Fraud,2026-01-15 08:48:00,"Ranchi, Jharkhand"
RT358,Meena Joshi,rjoshi90@zohomail.com,203.192.157,358246617531200,40454427100089,+91-99243-68563,ATM Skimming,2026-01-16 03:17:00,"Itanagar, Arunachal Pradesh"
RT359,Vijay Reddy,adevi90@biz.in,202.88.194,358247741566626,40491177920186,+91-93551-75672,Crypto Scam,2026-01-14 21:02:00,"Siliguri, West Bengal"
RT360,Karan Reddy,mverma83@biz.in,117.192.92,358243099357081,40486052533425,+91-94617-91217,Job Fraud,2026-01-15 02:02:00,"Silvassa, Dadra and Nagar Haveli and Daman and Diu"
RT361,Rahul Das,adevi82@gmail.com,182.19.200,358247377725616,40482866404067,+91-96324-45524,Job Fraud,2026-01-14 09:32:00,"Bhagalpur, Bihar"
RT362,Priya Sharma,psharma95@outlook.in,203.192.66,358244900170954,40466576568662,+91-96481-63530,Ransomware,2026-01-15 05:16:00,"Lucknow, Uttar Pradesh"
RT363,Karan Joshi,apatel96@trade.in,203.192.75,358244554436069,40440946921524,+91-99658-48857,Phishing SMS,2026-01-14 10:04:00,"Rourkela, Odisha"
RT364,Rohit Devi,rnair91@yahoo.co.in,182.19.217,358242516588643,40451194927612,+91-98619-16691,UPI Fraud,2026-01-15 16:22:00,"Dehradun, Uttarakhand"
RT365,Priya Joshi,rjoshi82@zohomail.com,202.88.98,358248847494921,40443181031828,+91-96691-94341,Crypto Scam,2026-01-14 19:42:00,"Naharlagun, Arunachal Pradesh"
RT366,Pooja Yadav,rreddy83@trade.in,103.120.84,358246711839048,40490592556757,+91-91206-85663,OTP Bypass,2026-01-14 16:35:00,"New Delhi, Delhi"
RT367,Pooja Yadav,amehta94@biz.in,203.192.151,358248722989544,40419115069851,+91-95273-90028,Phishing SMS,2026-01-17 12:26:00,"Varanasi, Uttar Pradesh"
RT368,Anjali Mehta,nreddy83@zohomail.com,14.139.184,358247289119765,40440480075272,+91-93600-98084,Matrimony Fraud,2026-01-16 21:00:00,"Kavaratti, Lakshadweep"
RT369,Deepak Kaur,ppatel95@zohomail.com,203.192.226,358241629644248,40449194963500,+91-90218-11335,Online Scam,2026-01-14 09:35:00,"Aizawl, Mizoram"
RT370,Sita Kaur,apatel89@gmail.com,117.192.178,358241059904386,40495869165226,+91-91015-52766,Matrimony Fraud,2026-01-15 07:46:00,"Gangtok, Sikkim"
RT371,Amit Das,dverma85@gmail.com,202.88.78,358247237769193,40452006356271,+91-97633-28003,Online Scam,2026-01-14 07:37:00,"Port Blair, Andaman and Nicobar Islands"
RT372,Deepak Nair,sgupta84@jobs.in,59.144.104,358246662427552,40491229962974,+91-98292-87914,Crypto Scam,2026-01-16 20:46:00,"Margao, Goa"
RT373,Anjali Mehta,msingh95@jobs.in,59.144.99,358249955552979,40417780888832,+91-99537-36855,Ransomware,2026-01-15 15:27:00,"Puducherry, Puducherry"
RT374,Pooja Gupta,rsingh98@trade.in,103.120.142,358248265236778,40434717797358,+91-91217-50247,UPI Fraud,2026-01-17 02:52:00,"Patna, Bihar"
RT375,Rani Reddy,dgupta96@shop.in,117.192.232,358246113692741,40499224967376,+91-94769-77002,UPI Fraud,2026-01-17 04:43:00,"Solan, Himachal Pradesh"
RT376,Meena Roy,sjoshi90@outlook.in,59.144.218,358242860062957,40438985050878,+91-93363-92615,Crypto Scam,2026-01-15 02:25:00,"Jodhpur, Rajasthan"
RT377,Vijay Devi,skhan97@biz.in,103.120.97,358241214973015,40412777135672,+91-96607-24121,Phishing SMS,2026-01-14 21:40:00,"Itanagar, Arunachal Pradesh"
RT378,Pooja Gupta,ndevi96@yahoo.co.in,182.19.107,358247758352999,40417726126801,+91-97309-76466,OTP Bypass,2026-01-16 20:43:00,"Haldwani, Uttarakhand"
RT379,Anjali Roy,mdas85@zohomail.com,203.192.217,358249538605242,40493078809608,+91-98571-76902,UPI Fraud,2026-01-17 11:58:00,"Chandigarh, Chandigarh"
RT380,Pooja Roy,rreddy98@jobs.in,14.139.74,358244900397363,40413498369116,+91-99661-84126,OTP Bypass,2026-01-15 09:33:00,"Aizawl, Mizoram"
RT381,Sita Das,smehta84@shop.in,14.139.126,358249421230933,40441708365556,+91-96197-19128,Phishing SMS,2026-01-15 19:05:00,"Margao, Goa"
RT382,Rani Mehta,rreddy99@yahoo.co.in,103.120.243,358246376606891,40439914408898,+91-97436-41020,Fake Loan App,2026-01-14 18:22:00,"Dehradun, Uttarakhand"
RT383,Vijay Verma,averma86@outlook.in,117.192.162,358243467867878,40485962091499,+91-94315-64989,Job Fraud,2026-01-15 11:08:00,"Dibrugarh, Assam"
RT384,Deepak Kaur,rnair92@co.in,103.120.136,358245479641682,40476017191464,+91-97725-41585,Job Fraud,2026-01-15 11:43:00,"Shimla, Himachal Pradesh"
RT385,Rohit Joshi,aroy96@yahoo.co.in,203.192.205,358245831880378,40431922469000,+91-99020-37964,UPI Fraud,2026-01-17 09:30:00,"Kavaratti, Lakshadweep"
RT386,Pooja Sharma,sreddy94@yahoo.co.in,59.144.160,358242351795977,40418946354008,+91-95688-87209,ATM Skimming,2026-01-15 23:38:00,"Shimla, Himachal Pradesh"
RT387,Rahul Khan,pdas82@gmail.com,14.139.205,358246968279039,40426936280849,+91-99743-70954,Online Scam,2026-01-16 12:53:00,"Hyderabad, Telangana"
RT388,Neha Patel,rdas85@zohomail.com,202.88.240,358247252639310,40450162402370,+91-90155-45000,UPI Fraud,2026-01-15 15:48:00,"Thrissur, Kerala"
RT389,Rani Kaur,pkhan82@trade.in,203.192.68,358248728118831,40446713676842,+91-97537-87318,Fake Loan App,2026-01-16 06:42:00,"Delhi, Delhi"
RT390,Priya Singh,msharma93@zohomail.com,103.120.81,358248908310833,40444763948622,+91-93437-38353,ATM Skimming,2026-01-15 04:36:00,"Silchar, Assam"
RT391,Rohit Nair,dyadav98@biz.in,203.192.129,358245632721458,40494506693780,+91-97711-17187,Matrimony Fraud,2026-01-14 07:29:00,"Jodhpur, Rajasthan"
RT392,Rahul Verma,nsingh89@outlook.in,182.19.186,358247885505986,40479851733967,+91-99443-74094,Job Fraud,2026-01-17 04:17:00,"Shimla, Himachal Pradesh"
RT393,Rahul Reddy,mjoshi89@biz.in,14.139.155,358243789049657,40463201344740,+91-98846-39265,Crypto Scam,2026-01-17 08:39:00,"Silvassa, Dadra and Nagar Haveli and Daman and Diu"
RT394,Vijay Yadav,ngupta99@gmail.com,14.139.108,358243069286943,40477088734263,+91-98366-56493,Crypto Scam,2026-01-15 13:16:00,"Surat, Gujarat"
RT395,Rani Mehta,kdevi81@zohomail.com,182.19.154,358242347780988,40413645787669,+91-91066-97643,Crypto Scam,2026-01-14 18:14:00,"Thrissur, Kerala"
RT396,Rahul Sharma,rsingh86@gmail.com,182.19.192,358246171577426,40463310078415,+91-95611-62626,UPI Fraud,2026-01-15 22:55:00,"Jammu, Jammu and Kashmir"
RT397,Amit Sharma,rdevi96@biz.in,14.139.250,358245245412715,40447837887733,+91-91107-18299,Online Scam,2026-01-14 13:57:00,"Mandi, Himachal Pradesh"
RT398,Vijay Gupta,psharma93@shop.in,103.120.142,358244899155446,40482479023172,+91-90647-29163,Matrimony Fraud,2026-01-14 17:53:00,"Chandigarh, Chandigarh"
RT399,Sanjay Joshi,kjoshi80@outlook.in,202.88.239,358249323419347,40450166270562,+91-93850-30641,OTP Bypass,2026-01-15 08:11:00,"Madurai, Tamil Nadu"
RT400,Anjali Das,spatel98@zohomail.com,202.88.214,358248800703061,40473335337482,+91-92307-87363,Fake Loan App,2026-01-14 07:54:00,"Mysuru, Karnataka"
RT401,Rohit Verma,anair80@outlook.in,202.88.245,358246879603324,40422733195135,+91-98286-94927,UPI Fraud,2026-01-16 08:16:00,"Jaipur, Rajasthan"
RT402,Deepak Roy,rkaur80@biz.in,14.139.67,358245384536563,40461491535896,+91-93797-22426,Matrimony Fraud,2026-01-15 09:44:00,"Warangal, Telangana"
RT403,Amit Roy,vgupta83@outlook.in,202.88.131,358245673652248,40470953178198,+91-96500-99028,Ransomware,2026-01-16 09:53:00,"Vadodara, Gujarat"
RT404,Priya Patel,rdevi95@biz.in,202.88.180,358241985392810,40498310961840,+91-94469-26959,Online Scam,2026-01-14 08:18:00,"Mysuru, Karnataka"
RT405,Vijay Joshi,rverma85@jobs.in,103.120.225,358249137638455,40421683911876,+91-94726-83217,Online Scam,2026-01-16 16:43:00,"Mandi, Himachal Pradesh"
RT406,Rohit Joshi,vnair96@trade.in,14.139.167,358249880473633,40478344697609,+91-94219-34656,UPI Fraud,2026-01-14 15:06:00,"Ahmedabad, Gujarat"
RT407,Rani Gupta,pmehta91@trade.in,103.120.74,358248351860577,40487676100438,+91-91718-60977,ATM Skimming,2026-01-17 08:58:00,"Thrissur, Kerala"
RT408,Deepak Devi,myadav85@zohomail.com,182.19.143,358244556733310,40467799000581,+91-90088-59779,ATM Skimming,2026-01-15 19:21:00,"Varanasi, Uttar Pradesh"
RT409,Sita Roy,averma96@shop.in,117.192.108,358249987518793,40499461640728,+91-95479-95372,OTP Bypass,2026-01-16 11:43:00,"Guwahati, Assam"
RT410,Anjali Reddy,rnair93@outlook.in,117.192.180,358243047111011,40448096161488,+91-92425-67832,Ransomware,2026-01-17 07:46:00,"Pune, Maharashtra"
RT411,Amit Yadav,dmehta91@co.in,202.88.199,358241818941329,40455656341676,+91-96892-92156,Phishing SMS,2026-01-17 13:35:00,"Aizawl, Mizoram"
RT412,Deepak Das,npatel88@yahoo.co.in,59.144.233,358241099293124,40483700206697,+91-96554-30252,Ransomware,2026-01-17 06:55:00,"Shillong, Meghalaya"
RT413,Amit Joshi,spatel85@gmail.com,202.88.156,358243391912100,40433128805989,+91-94079-45599,Ransomware,2026-01-14 04:26:00,"Hyderabad, Telangana"
RT414,Rohit Khan,psingh82@yahoo.co.in,117.192.79,358244569149593,40468714978421,+91-92399-27602,Ransomware,2026-01-14 14:30:00,"Solan, Himachal Pradesh"
RT415,Meena Devi,rjoshi91@co.in,117.192.169,358249637755196,40467890434721,+91-91867-37606,ATM Skimming,2026-01-15 01:52:00,"Bhopal, Madhya Pradesh"
RT416,Deepak Devi,mgupta90@outlook.in,202.88.70,358243170234932,40473108591916,+91-97527-34918,ATM Skimming,2026-01-16 08:25:00,"Solan, Himachal Pradesh"
RT417,Meena Roy,sdevi85@gmail.com,182.19.133,358249063850498,40419014595565,+91-93462-57926,Crypto Scam,2026-01-16 05:23:00,"Kochi, Kerala"
RT418,Pooja Yadav,dmehta94@zohomail.com,203.192.106,358241666307074,40459429247345,+91-92924-63442,ATM Skimming,2026-01-14 23:14:00,"Solan, Himachal Pradesh"
RT419,Rohit Verma,nreddy96@gmail.com,203.192.117,358245512266119,40486828001968,+91-97862-82055,Crypto Scam,2026-01-14 16:00:00,"Guntur, Andhra Pradesh"
RT420,Rani Roy,mdevi87@shop.in,182.19.172,358247505757916,40488026282158,+91-94465-36442,Crypto Scam,2026-01-14 16:23:00,"Hyderabad, Telangana"
RT421,Neha Singh,adas91@yahoo.co.in,59.144.232,358247435885466,40499672538161,+91-90214-65372,UPI Fraud,2026-01-16 05:54:00,"Silvassa, Dadra and Nagar Haveli and Daman and Diu"
RT422,Sanjay Gupta,rsharma92@jobs.in,59.144.99,358247594324879,40492632726515,+91-97765-23725,Online Scam,2026-01-16 18:40:00,"Chennai, Tamil Nadu"
RT423,Rohit Devi,adevi89@biz.in,117.192.89,358245723372744,40490432452770,+91-95196-70279,Fake Loan App,2026-01-14 17:18:00,"Surat, Gujarat"
RT424,Vijay Yadav,agupta86@zohomail.com,59.144.241,358249093669041,40456401192501,+91-92620-35504,ATM Skimming,2026-01-16 18:13:00,"Patna, Bihar"
RT425,Neha Verma,preddy95@zohomail.com,103.120.251,358243461103643,40459272822048,+91-90892-75668,UPI Fraud,2026-01-14 04:02:00,"Surat, Gujarat"
RT426,Rani Patel,mroy97@gmail.com,14.139.170,358242080616769,40498487061574,+91-91823-37342,Phishing SMS,2026-01-14 22:50:00,"Lucknow, Uttar Pradesh"
RT427,Rani Sharma,pmehta92@jobs.in,59.144.89,358245068301666,40450391653490,+91-90075-70190,Online Scam,2026-01-16 07:54:00,"Gurugram, Haryana"
RT428,Rohit Roy,adevi87@gmail.com,117.192.202,358242406385803,40467512591310,+91-95280-47739,Fake Loan App,2026-01-16 00:36:00,"Mandi, Himachal Pradesh"
RT429,Karan Mehta,rpatel82@jobs.in,117.192.138,358243952540265,40436404991587,+91-92578-93151,Phishing SMS,2026-01-17 08:38:00,"Guwahati, Assam"
RT430,Manoj Patel,proy81@shop.in,182.19.157,358244934492486,40462504096685,+91-94635-93974,UPI Fraud,2026-01-16 01:30:00,"Thiruvananthapuram, Kerala"
RT431,Sanjay Devi,dsingh81@outlook.in,14.139.194,358242582551945,40415874418892,+91-96788-99194,Ransomware,2026-01-16 03:30:00,"Panipat, Haryana"
RT432,Rohit Das,mgupta97@outlook.in,182.19.178,358246059786040,40480653585758,+91-92546-32334,Ransomware,2026-01-14 08:09:00,"Guwahati, Assam"
RT433,Meena Das,ayadav86@co.in,14.139.139,358243503039165,40432261210912,+91-93999-12380,Matrimony Fraud,2026-01-17 13:50:00,"Thrissur, Kerala"
RT434,Sita Mehta,psingh86@biz.in,117.192.221,358241103778221,40464952956231,+91-92685-74732,UPI Fraud,2026-01-16 08:32:00,"Chandigarh, Chandigarh"
RT435,Anjali Mehta,syadav87@gmail.com,14.139.107,358249770770546,40423111451940,+91-98629-42264,Ransomware,2026-01-16 23:32:00,"Raipur, Chhattisgarh"
RT436,Sita Kaur,vnair83@jobs.in,182.19.107,358241208346331,40469747532524,+91-97054-39903,Job Fraud,2026-01-17 06:47:00,"Surat, Gujarat"
RT437,Manoj Das,nreddy84@gmail.com,182.19.169,358242208702234,40446101355932,+91-99019-71119,Ransomware,2026-01-14 17:46:00,"Nagpur, Maharashtra"
RT438,Deepak Reddy,rkhan98@yahoo.co.in,182.19.94,358249875232099,40423095121682,+91-95018-92197,Crypto Scam,2026-01-14 15:38:00,"Siliguri, West Bengal"
RT439,Pooja Devi,ddevi96@shop.in,182.19.102,358241607772363,40425416279437,+91-94277-85262,UPI Fraud,2026-01-16 13:17:00,"Raipur, Chhattisgarh"
RT440,Rani Das,sdas91@jobs.in,202.88.238,358241218846358,40485181428281,+91-98832-45620,Job Fraud,2026-01-14 19:44:00,"Jaipur, Rajasthan"
RT441,Rohit Reddy,mreddy98@jobs.in,59.144.71,358242062923408,40466963098369,+91-93950-94932,Job Fraud,2026-01-16 02:17:00,"Rourkela, Odisha"
RT442,Amit Das,mkhan92@yahoo.co.in,182.19.235,358246618640889,40451428002248,+91-99255-58350,Crypto Scam,2026-01-14 17:51:00,"Jammu, Jammu and Kashmir"
RT443,Rohit Reddy,ksingh86@outlook.in,203.192.71,358244818708613,40469699015854,+91-95891-89995,UPI Fraud,2026-01-15 10:09:00,"Raipur, Chhattisgarh"
RT444,Karan Das,ryadav91@trade.in,103.120.125,358241320300436,40451367339610,+91-93649-60198,Ransomware,2026-01-15 09:19:00,"Jalandhar, Punjab"
RT445,Sita Joshi,adevi97@trade.in,117.192.106,358247108509703,40489685351146,+91-96251-39607,Phishing SMS,2026-01-15 06:17:00,"Bhopal, Madhya Pradesh"
RT446,Vijay Kaur,vdas91@zohomail.com,103.120.250,358246262478370,40483101988178,+91-95709-88893,Phishing SMS,2026-01-16 09:20:00,"Naharlagun, Arunachal Pradesh"
RT447,Rani Kaur,dnair97@gmail.com,14.139.80,358243388664958,40460777828108,+91-91275-13193,Fake Loan App,2026-01-15 00:51:00,"Kanpur, Uttar Pradesh"
RT448,Amit Kaur,ssharma92@zohomail.com,103.120.229,358247481539527,40417218096333,+91-93163-30647,Job Fraud,2026-01-14 16:19:00,"Chennai, Tamil Nadu"
RT449,Pooja Khan,areddy91@jobs.in,202.88.99,358246875242672,40461236685111,+91-97169-55489,UPI Fraud,2026-01-16 16:06:00,"Jabalpur, Madhya Pradesh"
RT450,Pooja Singh,vpatel98@zohomail.com,203.192.166,358247324803949,40469864069952,+91-93187-84318,Online Scam,2026-01-14 05:37:00,"Surat, Gujarat"
RT451,Pooja Nair,mverma93@biz.in,103.120.157,358243763313743,40472202863005,+91-94463-18056,Crypto Scam,2026-01-17 08:36:00,"Shillong, Meghalaya"
RT452,Vijay Verma,nyadav80@shop.in,14.139.157,358241523697099,40440083517148,+91-94140-25299,UPI Fraud,2026-01-14 07:13:00,"Gaya, Bihar"
RT453,Anjali Reddy,ssingh90@yahoo.co.in,14.139.211,358247230857405,40440213912119,+91-91979-13892,OTP Bypass,2026-01-16 18:16:00,"Puducherry, Puducherry"
RT454,Deepak Mehta,dgupta88@yahoo.co.in,202.88.128,358245581395128,40442643194852,+91-92275-41241,Fake Loan App,2026-01-15 16:14:00,"Panaji, Goa"
RT455,Neha Yadav,msingh80@gmail.com,103.120.79,358245521127533,40421895853275,+91-97966-57297,OTP Bypass,2026-01-14 13:13:00,"Solan, Himachal Pradesh"
RT456,Rahul Roy,mgupta95@shop.in,14.139.214,358241529612538,40484125576662,+91-95335-27056,Online Scam,2026-01-15 07:03:00,"Silchar, Assam"
RT457,Amit Joshi,rpatel96@jobs.in,59.144.205,358245490473860,40439124104137,+91-90925-81759,ATM Skimming,2026-01-14 15:17:00,"Hyderabad, Telangana"
RT458,Rahul Gupta,adevi98@outlook.in,182.19.235,358242296493887,40460397492477,+91-94225-26027,Phishing SMS,2026-01-17 00:11:00,"Bhubaneswar, Odisha"
RT459,Deepak Gupta,vnair84@outlook.in,59.144.212,358241939540636,40461602091852,+91-96355-59845,UPI Fraud,2026-01-14 04:40:00,"Delhi, Delhi"
RT460,Sanjay Yadav,rkaur98@yahoo.co.in,202.88.98,358242752132497,40417376877056,+91-96635-12469,UPI Fraud,2026-01-16 11:18:00,"Hubballi, Karnataka"
RT461,Anjali Sharma,anair91@outlook.in,14.139.152,358248688788329,40495989896558,+91-91734-29404,Ransomware,2026-01-14 07:13:00,"Mysuru, Karnataka"
RT462,Sita Devi,ddas90@jobs.in,117.192.79,358248220240075,40441483431549,+91-98300-50778,Job Fraud,2026-01-16 20:55:00,"Jodhpur, Rajasthan"
RT463,Manoj Nair,vverma86@outlook.in,14.139.222,358244817390853,40434896109492,+91-93828-45939,Matrimony Fraud,2026-01-15 16:09:00,"Chandigarh, Chandigarh"
RT464,Karan Sharma,rmehta81@biz.in,117.192.130,358249239144632,40434500290012,+91-90050-54021,Job Fraud,2026-01-17 06:59:00,"Silvassa, Dadra and Nagar Haveli and Daman and Diu"
RT465,Deepak Reddy,aroy97@jobs.in,103.120.63,358246969288771,40414765720546,+91-98597-19219,ATM Skimming,2026-01-15 21:35:00,"Delhi, Delhi"
RT466,Manoj Nair,nkaur94@yahoo.co.in,59.144.237,358247264381776,40418569778396,+91-96468-26137,Fake Loan App,2026-01-14 07:00:00,"Chennai, Tamil Nadu"
RT467,Manoj Verma,averma88@outlook.in,202.88.74,358247213461933,40427732777272,+91-95993-95901,Job Fraud,2026-01-15 00:39:00,"Ludhiana, Punjab"
RT468,Sita Das,mdas93@gmail.com,202.88.157,358249430845033,40417635394086,+91-99565-55650,Fake Loan App,2026-01-16 18:38:00,"Shimla, Himachal Pradesh"
RT469,Sita Mehta,amehta87@shop.in,117.192.199,358241264169836,40457850166519,+91-90235-93750,UPI Fraud,2026-01-15 04:27:00,"Bhopal, Madhya Pradesh"
RT470,Deepak Das,djoshi85@biz.in,117.192.78,358245338667945,40412772734013,+91-99108-56851,ATM Skimming,2026-01-17 09:33:00,"Lucknow, Uttar Pradesh"
RT471,Sita Gupta,rpatel99@yahoo.co.in,103.120.255,358245794116927,40433392737959,+91-93772-74090,Phishing SMS,2026-01-16 03:10:00,"Aizawl, Mizoram"
RT472,Meena Yadav,pdevi83@trade.in,14.139.107,358249463695892,40435287243064,+91-97123-25107,Phishing SMS,2026-01-17 08:06:00,"Lucknow, Uttar Pradesh"
RT473,Amit Sharma,proy93@trade.in,14.139.251,358242687950541,40477581064590,+91-92523-61433,Ransomware,2026-01-16 04:48:00,"Cuttack, Odisha"
RT474,Manoj Patel,nmehta81@outlook.in,14.139.178,358247682165288,40432660886023,+91-91613-39283,Crypto Scam,2026-01-15 11:07:00,"Surat, Gujarat"
RT475,Neha Mehta,adevi93@jobs.in,203.192.200,358242499093693,40473469678490,+91-91225-41732,Fake Loan App,2026-01-16 01:59:00,"Bhilai, Chhattisgarh"
RT476,Vijay Yadav,vjoshi82@yahoo.co.in,14.139.163,358244956379099,40463922829243,+91-95506-13181,Online Scam,2026-01-14 09:43:00,"Bhopal, Madhya Pradesh"
RT477,Amit Yadav,rverma94@trade.in,202.88.62,358246256956007,40453154814395,+91-92976-79483,ATM Skimming,2026-01-17 06:21:00,"Panipat, Haryana"
RT478,Vijay Khan,rgupta99@trade.in,203.192.93,358245690428023,40415321379820,+91-97678-19489,OTP Bypass,2026-01-14 11:19:00,"Silvassa, Dadra and Nagar Haveli and Daman and Diu"
RT479,Sanjay Das,vmehta92@gmail.com,202.88.116,358245102881704,40432921159546,+91-91228-67627,Crypto Scam,2026-01-15 10:23:00,"Shimla, Himachal Pradesh"
RT480,Deepak Mehta,kmehta88@yahoo.co.in,203.192.74,358244999913339,40439006609856,+91-91270-41414,Ransomware,2026-01-14 07:46:00,"Gangtok, Sikkim"
RT481,Meena Reddy,akaur98@trade.in,203.192.212,358248914814718,40416010777222,+91-99539-35767,Crypto Scam,2026-01-16 08:59:00,"Jaipur, Rajasthan"
RT482,Meena Nair,rreddy80@zohomail.com,59.144.152,358241319950554,40469781716723,+91-90612-58280,ATM Skimming,2026-01-15 10:47:00,"Ahmedabad, Gujarat"
RT483,Neha Patel,kreddy86@yahoo.co.in,203.192.151,358246486945593,40429325382531,+91-99787-44318,OTP Bypass,2026-01-14 05:43:00,"Delhi, Delhi"
RT484,Sanjay Das,sgupta84@co.in,117.192.80,358243348794072,40447656626130,+91-95346-13562,ATM Skimming,2026-01-15 16:22:00,"Indore, Madhya Pradesh"
RT485,Rani Reddy,rsingh93@co.in,103.120.215,358241206391138,40460452560947,+91-95505-11983,Job Fraud,2026-01-14 15:21:00,"Kohima, Nagaland"
RT486,Amit Gupta,skhan94@yahoo.co.in,103.120.85,358249169520036,40454695538419,+91-98367-89727,Job Fraud,2026-01-15 15:59:00,"Jodhpur, Rajasthan"
RT487,Rahul Devi,apatel87@trade.in,117.192.254,358242395305116,40497610364103,+91-90191-38338,Job Fraud,2026-01-16 03:15:00,"Dibrugarh, Assam"
RT488,Anjali Reddy,mgupta82@jobs.in,14.139.153,358246120054989,40455458852284,+91-90429-59432,Fake Loan App,2026-01-15 14:13:00,"Faridabad, Haryana"
RT489,Anjali Patel,mroy80@biz.in,203.192.159,358245625980082,40449663685363,+91-92291-40930,Fake Loan App,2026-01-16 21:11:00,"Naharlagun, Arunachal Pradesh"
RT490,Meena Singh,rreddy83@yahoo.co.in,202.88.170,358249192391130,40446578289433,+91-98129-69340,Online Scam,2026-01-15 08:06:00,"Silvassa, Dadra and Nagar Haveli and Daman and Diu"
RT491,Priya Das,nsingh96@co.in,117.192.230,358242334328564,40410435784953,+91-98924-68321,Job Fraud,2026-01-15 09:25:00,"Thiruvananthapuram, Kerala"
RT492,Amit Kaur,rjoshi90@yahoo.co.in,182.19.240,358245342304134,40450242873527,+91-93678-98422,ATM Skimming,2026-01-16 19:12:00,"Coimbatore, Tamil Nadu"
RT493,Rahul Khan,kdas86@co.in,59.144.158,358244357332852,40499048963736,+91-95705-66708,Job Fraud,2026-01-16 00:14:00,"Bilaspur, Chhattisgarh"
RT494,Deepak Verma,averma98@biz.in,14.139.136,358249134146094,40424594593779,+91-99937-72207,ATM Skimming,2026-01-16 11:38:00,"New Delhi, Delhi"
RT495,Neha Singh,vjoshi89@zohomail.com,14.139.80,358242037195283,40475314115311,+91-91971-90463,Matrimony Fraud,2026-01-17 06:01:00,"Srinagar, Jammu and Kashmir"
RT496,Neha Mehta,spatel86@trade.in,182.19.228,358245260270424,40481587712378,+91-91761-59793,Ransomware,2026-01-14 23:04:00,"Itanagar, Arunachal Pradesh"
RT497,Anjali Patel,pverma93@yahoo.co.in,202.88.254,358246282881821,40462274705029,+91-91271-23597,ATM Skimming,2026-01-17 08:34:00,"Kavaratti, Lakshadweep"
RT498,Vijay Yadav,vkhan90@co.in,117.192.75,358247584408079,40466477490404,+91-99142-78452,Fake Loan App,2026-01-15 08:03:00,"Guwahati, Assam"
RT499,Rohit Yadav,sdas97@outlook.in,203.192.237,358249200712952,40451901076838,+91-90380-96159,Crypto Scam,2026-01-16 13:12:00,"Silvassa, Dadra and Nagar Haveli and Daman and Diu"
RT500,Pooja Das,vkhan81@shop.in,117.192.61,358247824177432,40464938132725,+91-96330-36452,Fake Loan App,2026-01-17 04:52:00,"Karaikal, Puducherry"
RT501,Rani Patel,nreddy90@gmail.com,117.192.101,358247755552139,40471705204541,+91-94813-71663,ATM Skimming,2026-01-15 07:25:00,"Guwahati, Assam"
RT502,Anjali Singh,ngupta91@gmail.com,203.192.81,358243838682069,40437854220691,+91-93536-25127,Ransomware,2026-01-15 01:53:00,"Thiruvananthapuram, Kerala"
RT503,Karan Nair,ryadav99@co.in,203.192.116,358241844943744,40457437839465,+91-98026-93322,Crypto Scam,2026-01-14 20:33:00,"Bhubaneswar, Odisha"
RT504,Sita Kaur,mverma82@outlook.in,59.144.102,358248487873334,40441339018108,+91-95152-90602,UPI Fraud,2026-01-17 02:16:00,"Siliguri, West Bengal"
RT505,Priya Verma,rsingh85@trade.in,59.144.194,358242753626732,40449263974545,+91-91767-33497,Online Scam,2026-01-16 11:44:00,"Gangtok, Sikkim"
RT506,Neha Mehta,mverma88@yahoo.co.in,182.19.125,358248801702475,40428608954571,+91-99919-60562,Online Scam,2026-01-17 10:32:00,"Kohima, Nagaland"
RT507,Meena Patel,kyadav95@trade.in,59.144.147,358241489653334,40483095310532,+91-96927-27140,ATM Skimming,2026-01-14 05:50:00,"Asansol, West Bengal"
RT508,Sita Nair,mdas90@trade.in,103.120.191,358245970866961,40453867900493,+91-98325-16073,UPI Fraud,2026-01-15 14:15:00,"Naharlagun, Arunachal Pradesh"
RT509,Rahul Patel,mkaur87@co.in,203.192.245,358243478119743,40477787716035,+91-97447-42914,UPI Fraud,2026-01-16 11:28:00,"Silchar, Assam"
RT510,Manoj Singh,nnair96@zohomail.com,103.120.132,358248962004986,40421166042907,+91-90021-13046,Online Scam,2026-01-16 23:44:00,"Aizawl, Mizoram"
RT511,Pooja Yadav,rpatel82@biz.in,117.192.66,358244330786478,40464215225648,+91-93401-92181,Phishing SMS,2026-01-14 05:13:00,"Patna, Bihar"
RT512,Sita Singh,vkaur96@biz.in,182.19.141,358241262535286,40426551569518,+91-97695-16874,Job Fraud,2026-01-16 14:55:00,"Itanagar, Arunachal Pradesh"
RT513,Sita Khan,msharma80@biz.in,103.120.163,358248662823688,40416367767095,+91-94158-35693,ATM Skimming,2026-01-14 05:15:00,"Guntur, Andhra Pradesh"
RT514,Amit Singh,sverma88@outlook.in,203.192.112,358247021310919,40456340122150,+91-98664-59669,OTP Bypass,2026-01-15 16:20:00,"Mandi, Himachal Pradesh"
RT515,Vijay Singh,ssingh99@co.in,203.192.70,358248217796408,40484954986211,+91-98225-91914,Matrimony Fraud,2026-01-14 19:55:00,"Raipur, Chhattisgarh"
RT516,Anjali Kaur,smehta83@gmail.com,202.88.240,358242006908966,40434685215949,+91-92340-15041,Ransomware,2026-01-17 11:23:00,"Surat, Gujarat"
RT517,Meena Kaur,nmehta93@biz.in,14.139.126,358246033695729,40480474871119,+91-90244-10234,Job Fraud,2026-01-15 09:57:00,"Haldwani, Uttarakhand"
RT518,Neha Devi,vyadav87@gmail.com,117.192.195,358244544296475,40476655777087,+91-95271-25768,Phishing SMS,2026-01-14 04:40:00,"Kohima, Nagaland"
RT519,Karan Joshi,mmehta88@shop.in,117.192.233,358243595612248,40424587966738,+91-95231-18389,UPI Fraud,2026-01-16 14:04:00,"Pune, Maharashtra"
RT520,Pooja Nair,kverma85@yahoo.co.in,203.192.222,358243609955256,40471670845432,+91-97519-50413,Matrimony Fraud,2026-01-16 23:52:00,"Jammu, Jammu and Kashmir"
RT521,Rani Yadav,averma90@yahoo.co.in,182.19.143,358245489267085,40444157128377,+91-95252-84274,Crypto Scam,2026-01-14 10:50:00,"Dehradun, Uttarakhand"
RT522,Manoj Khan,kverma87@jobs.in,14.139.100,358243288708428,40459908484599,+91-94650-80919,OTP Bypass,2026-01-17 08:01:00,"Bilaspur, Chhattisgarh"
RT523,Sita Yadav,rnair98@jobs.in,59.144.179,358245747520274,40474283250499,+91-98899-61999,Phishing SMS,2026-01-17 12:41:00,"Aizawl, Mizoram"
RT524,Rahul Devi,sjoshi93@trade.in,202.88.85,358249910715164,40456833069708,+91-94366-11119,Job Fraud,2026-01-17 05:07:00,"Jabalpur, Madhya Pradesh"
RT525,Pooja Gupta,rsharma84@co.in,14.139.166,358241299472727,40468881398165,+91-93940-69352,UPI Fraud,2026-01-15 05:33:00,"Vijayawada, Andhra Pradesh"
RT526,Rani Patel,mpatel80@outlook.in,59.144.68,358241534538818,40457499646929,+91-92055-52077,Phishing SMS,2026-01-16 01:47:00,"Asansol, West Bengal"
RT527,Anjali Khan,rjoshi80@zohomail.com,202.88.244,358246334512362,40447051241499,+91-99785-68976,Job Fraud,2026-01-16 06:29:00,"Haldwani, Uttarakhand"
RT528,Rahul Gupta,pverma80@jobs.in,182.19.184,358247657023085,40430388646275,+91-90959-17765,Ransomware,2026-01-14 14:49:00,"Mumbai, Maharashtra"
RT529,Anjali Gupta,kroy95@outlook.in,103.120.91,358243731574127,40435734328622,+91-99678-10372,Online Scam,2026-01-16 22:57:00,"Silvassa, Dadra and Nagar Haveli and Daman and Diu"
RT530,Sanjay Mehta,pverma96@gmail.com,203.192.123,358246359371250,40487557661421,+91-99525-84515,UPI Fraud,2026-01-15 07:10:00,"Dhanbad, Jharkhand"
RT531,Manoj Joshi,dkaur99@biz.in,59.144.74,358245383709190,40496457572640,+91-96625-73328,Fake Loan App,2026-01-16 15:21:00,"Naharlagun, Arunachal Pradesh"
RT532,Deepak Khan,rmehta83@gmail.com,14.139.235,358248053062062,40458706529648,+91-98364-75562,Online Scam,2026-01-14 12:04:00,"Delhi, Delhi"
RT533,Manoj Joshi,kmehta84@jobs.in,117.192.171,358247165405502,40461467103931,+91-98392-95936,UPI Fraud,2026-01-14 04:26:00,"Karaikal, Puducherry"
RT534,Karan Singh,rnair91@jobs.in,14.139.203,358241224827825,40456524921340,+91-90281-53397,OTP Bypass,2026-01-15 20:45:00,"Margao, Goa"
RT535,Sanjay Nair,rmehta98@trade.in,14.139.74,358241802820693,40465751548875,+91-98406-96493,OTP Bypass,2026-01-16 19:39:00,"Guntur, Andhra Pradesh"
RT536,Rohit Verma,mroy87@gmail.com,117.192.234,358242907942239,40418618246576,+91-93452-95889,Online Scam,2026-01-14 15:29:00,"Kohima, Nagaland"
RT537,Sita Sharma,sreddy81@zohomail.com,202.88.113,358243058567955,40427316940506,+91-92557-35734,OTP Bypass,2026-01-15 15:00:00,"Faridabad, Haryana"
RT538,Meena Sharma,rreddy98@outlook.in,103.120.181,358246436028725,40415480085151,+91-97364-64988,Matrimony Fraud,2026-01-16 17:37:00,"Chandigarh, Chandigarh"
RT539,Deepak Das,ksharma91@zohomail.com,103.120.232,358241514034177,40447922580605,+91-91748-99703,OTP Bypass,2026-01-15 22:57:00,"Bhilai, Chhattisgarh"
RT540,Sanjay Patel,snair92@jobs.in,202.88.191,358242218705831,40449265049310,+91-91000-68405,Online Scam,2026-01-16 08:34:00,"Bilaspur, Chhattisgarh"
RT541,Karan Das,dkhan87@shop.in,203.192.166,358249618344526,40474444158444,+91-91332-26084,Crypto Scam,2026-01-16 16:03:00,"Ahmedabad, Gujarat"
RT542,Deepak Kaur,rsingh97@outlook.in,182.19.160,358249848544887,40434256501150,+91-99450-61517,Matrimony Fraud,2026-01-17 14:01:00,"New Delhi, Delhi"
RT543,Neha Roy,vkhan98@yahoo.co.in,117.192.108,358249940302146,40466772219393,+91-94278-72881,UPI Fraud,2026-01-14 04:33:00,"Pune, Maharashtra"
RT544,Anjali Reddy,pdas94@co.in,59.144.114,358241971998507,40460166071221,+91-92070-66913,Phishing SMS,2026-01-14 08:39:00,"Hubballi, Karnataka"
RT545,Rani Devi,rmehta97@yahoo.co.in,59.144.216,358242101379568,40433659465680,+91-96430-24788,Matrimony Fraud,2026-01-14 04:31:00,"Dibrugarh, Assam"
RT546,Anjali Kaur,ryadav90@co.in,203.192.138,358249107750794,40456852409493,+91-91758-45144,OTP Bypass,2026-01-16 16:57:00,"Ranchi, Jharkhand"
RT547,Rohit Roy,dkhan82@shop.in,14.139.113,358244482718190,40429248896776,+91-90344-32804,Ransomware,2026-01-15 18:56:00,"Kochi, Kerala"
RT548,Sanjay Singh,nverma84@outlook.in,203.192.165,358243804027924,40445584168927,+91-91714-90213,UPI Fraud,2026-01-14 20:41:00,"Patna, Bihar"
RT549,Vijay Verma,nsharma83@zohomail.com,14.139.113,358244531483757,40497564557210,+91-97258-72097,Ransomware,2026-01-14 11:31:00,"Chennai, Tamil Nadu"
RT550,Sita Kaur,vyadav98@biz.in,202.88.126,358241573407630,40439796811685,+91-96888-27514,Online Scam,2026-01-15 09:39:00,"Silchar, Assam"
RT551,Rani Khan,sverma96@yahoo.co.in,103.120.203,358244730770514,40462665642067,+91-97870-88150,OTP Bypass,2026-01-15 22:21:00,"Guntur, Andhra Pradesh"
RT552,Meena Gupta,nkhan80@shop.in,182.19.128,358248353316899,40415591908651,+91-95429-33648,Ransomware,2026-01-16 16:33:00,"Rourkela, Odisha"
RT553,Karan Gupta,ksingh84@yahoo.co.in,14.139.106,358242363472227,40496547233706,+91-97234-26643,Ransomware,2026-01-15 20:34:00,"Hubballi, Karnataka"
RT554,Sita Kaur,kdevi98@co.in,117.192.63,358249935868102,40431714686581,+91-96441-59730,Ransomware,2026-01-16 05:50:00,"Madurai, Tamil Nadu"
RT555,Sanjay Kaur,njoshi83@zohomail.com,203.192.212,358243545341165,40430544190334,+91-92085-10082,Matrimony Fraud,2026-01-15 10:06:00,"Panipat, Haryana"
RT556,Rohit Gupta,pyadav86@gmail.com,14.139.210,358249425612709,40477808570394,+91-90108-31933,OTP Bypass,2026-01-14 18:51:00,"Panaji, Goa"
RT557,Deepak Patel,vpatel92@outlook.in,182.19.122,358241743571036,40466919823079,+91-97859-94894,OTP Bypass,2026-01-15 17:55:00,"Panipat, Haryana"
RT558,Manoj Reddy,rnair90@co.in,59.144.89,358245027716595,40483249373772,+91-98736-41767,Fake Loan App,2026-01-16 01:39:00,"Kolkata, West Bengal"
RT559,Sita Joshi,asingh87@gmail.com,182.19.192,358241528925751,40488398870660,+91-97298-43641,Fake Loan App,2026-01-16 22:14:00,"Daman, Dadra and Nagar Haveli and Daman and Diu"
RT560,Meena Mehta,ayadav93@yahoo.co.in,202.88.169,358248770997068,40493995305284,+91-95155-93941,Ransomware,2026-01-15 02:58:00,"Kochi, Kerala"
RT561,Manoj Singh,ngupta98@trade.in,117.192.132,358243304121702,40495041429348,+91-96376-59120,Job Fraud,2026-01-14 23:48:00,"Indore, Madhya Pradesh"
RT562,Rahul Patel,sroy85@gmail.com,117.192.103,358249747147843,40477066618471,+91-99666-85862,Job Fraud,2026-01-14 19:43:00,"Leh, Ladakh"
RT563,Rahul Patel,ssingh94@biz.in,14.139.103,358244352980896,40489338241849,+91-98816-68655,ATM Skimming,2026-01-17 08:07:00,"Agartala, Tripura"
RT564,Priya Nair,kverma82@gmail.com,103.120.180,358241513864642,40414611418438,+91-99167-96117,Matrimony Fraud,2026-01-15 21:57:00,"Gurugram, Haryana"
RT565,Sanjay Singh,skaur85@zohomail.com,59.144.217,358249193595911,40494837362968,+91-99867-98835,OTP Bypass,2026-01-15 11:12:00,"Thrissur, Kerala"
RT566,Karan Das,rkaur93@jobs.in,202.88.124,358241226005103,40420759302306,+91-98926-17138,Crypto Scam,2026-01-16 22:32:00,"Silvassa, Dadra and Nagar Haveli and Daman and Diu"
RT567,Neha Mehta,ddevi91@co.in,103.120.121,358249492264712,40415719098554,+91-95143-73703,Fake Loan App,2026-01-14 23:02:00,"Bhubaneswar, Odisha"
RT568,Sanjay Gupta,rdevi97@trade.in,103.120.245,358244314772697,40462332962442,+91-90783-13402,Online Scam,2026-01-14 15:41:00,"Naharlagun, Arunachal Pradesh"
RT569,Rani Mehta,mkaur97@shop.in,203.192.106,358247186289975,40411611814846,+91-90758-98529,Online Scam,2026-01-14 15:47:00,"Bhagalpur, Bihar"
RT570,Neha Das,aroy99@trade.in,182.19.91,358247898216094,40489802187894,+91-97324-16390,OTP Bypass,2026-01-14 15:21:00,"Gurugram, Haryana"
RT571,Rahul Roy,preddy94@co.in,202.88.138,358245421936716,40426718163916,+91-99206-52695,UPI Fraud,2026-01-14 10:27:00,"Mandi, Himachal Pradesh"
RT572,Neha Khan,adevi96@co.in,203.192.131,358245981724259,40496594722264,+91-90751-83259,ATM Skimming,2026-01-14 12:51:00,"Kavaratti, Lakshadweep"
RT573,Pooja Roy,adas96@biz.in,203.192.155,358246558869294,40499429078026,+91-94460-56344,Ransomware,2026-01-15 15:17:00,"Kochi, Kerala"
RT574,Sanjay Kaur,rsharma96@outlook.in,203.192.217,358246906694635,40455967337181,+91-94758-28657,ATM Skimming,2026-01-17 08:38:00,"Mumbai, Maharashtra"
RT575,Karan Verma,nkhan99@jobs.in,103.120.235,358242965006384,40438850212148,+91-96827-18307,ATM Skimming,2026-01-14 09:17:00,"Udaipur, Rajasthan"
RT576,Neha Devi,dkhan84@outlook.in,59.144.166,358247575406805,40473808862858,+91-95888-28369,ATM Skimming,2026-01-15 02:58:00,"Panipat, Haryana"
RT577,Sita Roy,mroy85@gmail.com,59.144.152,358241873602454,40491028164467,+91-98693-14627,OTP Bypass,2026-01-15 17:46:00,"Surat, Gujarat"
RT578,Rahul Singh,sgupta85@co.in,182.19.180,358247522524499,40425432884886,+91-90817-12693,Online Scam,2026-01-14 06:58:00,"New Delhi, Delhi"
RT579,Pooja Kaur,sdas87@zohomail.com,59.144.179,358241476805737,40472132515095,+91-99964-70915,OTP Bypass,2026-01-16 23:11:00,"Shillong, Meghalaya"
RT580,Rahul Gupta,mreddy91@biz.in,14.139.171,358248403557679,40413734363472,+91-91866-64112,Online Scam,2026-01-14 11:29:00,"Siliguri, West Bengal"
RT581,Vijay Nair,vnair81@shop.in,182.19.82,358242223655455,40496346605304,+91-95463-48280,Online Scam,2026-01-14 05:28:00,"Patna, Bihar"
RT582,Sita Patel,vverma82@zohomail.com,14.139.214,358242531065726,40450635338627,+91-98174-75736,Online Scam,2026-01-16 12:55:00,"Karaikal, Puducherry"
RT583,Rani Singh,pgupta86@zohomail.com,203.192.62,358244557825158,40455565728445,+91-93497-25192,Phishing SMS,2026-01-15 09:00:00,"Jamshedpur, Jharkhand"
RT584,Neha Gupta,kkaur86@co.in,103.120.100,358244968470908,40482862238836,+91-93344-11250,UPI Fraud,2026-01-16 11:17:00,"Lucknow, Uttar Pradesh"
RT585,Sita Verma,vgupta86@jobs.in,103.120.152,358243662046729,40426179581544,+91-94236-51332,Matrimony Fraud,2026-01-16 03:55:00,"Vijayawada, Andhra Pradesh"
RT586,Vijay Sharma,snair84@trade.in,103.120.118,358249549757957,40452011895431,+91-93787-61292,Ransomware,2026-01-16 03:53:00,"Cuttack, Odisha"
RT587,Anjali Khan,dverma97@gmail.com,203.192.184,358247223668316,40483457127018,+91-96384-96402,Crypto Scam,2026-01-17 07:16:00,"Gangtok, Sikkim"
RT588,Meena Khan,droy81@trade.in,59.144.212,358244474241717,40428377626720,+91-94794-41078,Fake Loan App,2026-01-16 23:42:00,"Guntur, Andhra Pradesh"
RT589,Sanjay Sharma,sjoshi87@jobs.in,14.139.168,358247479846665,40435677655593,+91-91729-43656,Fake Loan App,2026-01-15 12:19:00,"Visakhapatnam, Andhra Pradesh"
RT590,Anjali Nair,rkhan87@gmail.com,202.88.146,358249180483439,40488764338686,+91-98405-62040,ATM Skimming,2026-01-17 11:08:00,"Cuttack, Odisha"
RT591,Manoj Nair,mkaur91@outlook.in,182.19.202,358247608233765,40465149166461,+91-96796-46950,ATM Skimming,2026-01-14 14:33:00,"Chennai, Tamil Nadu"
RT592,Vijay Reddy,dkaur86@yahoo.co.in,59.144.161,358245047102994,40444883773328,+91-96400-43190,Online Scam,2026-01-14 18:56:00,"Panipat, Haryana"
RT593,Deepak Sharma,mjoshi95@gmail.com,14.139.91,358246267866442,40436524120829,+91-90111-78387,Ransomware,2026-01-14 09:12:00,"Jabalpur, Madhya Pradesh"
RT594,Meena Sharma,syadav92@outlook.in,59.144.137,358248205154753,40427785234851,+91-93652-97495,Matrimony Fraud,2026-01-14 15:04:00,"Ranchi, Jharkhand"
RT595,Karan Nair,mdas89@zohomail.com,59.144.75,358242280720893,40421726567891,+91-93175-73323,Fake Loan App,2026-01-15 00:39:00,"New Delhi, Delhi"
RT596,Vijay Sharma,akaur93@gmail.com,182.19.189,358242942655093,40417004433154,+91-97393-51122,ATM Skimming,2026-01-16 01:46:00,"Kohima, Nagaland"
RT597,Anjali Roy,skaur86@outlook.in,202.88.100,358244405767400,40494699383110,+91-91604-36644,OTP Bypass,2026-01-15 15:59:00,"Panipat, Haryana"
RT598,Meena Singh,vdevi87@biz.in,182.19.247,358248763919634,40444420617726,+91-91679-22541,UPI Fraud,2026-01-15 06:02:00,"Amritsar, Punjab"
RT599,Amit Gupta,ksingh83@yahoo.co.in,59.144.154,358245530459022,40462287202893,+91-94543-74956,Ransomware,2026-01-14 15:55:00,"New Delhi, Delhi"
RT600,Rohit Devi,akaur96@shop.in,203.192.173,358244130649854,40420341856606,+91-95064-82091,ATM Skimming,2026-01-14 05:57:00,"Ranchi, Jharkhand"
RT601,Vijay Mehta,kdevi97@co.in,202.88.229,358247799064009,40472041043700,+91-90761-36346,Online Scam,2026-01-15 15:35:00,"Imphal, Manipur"
RT602,Manoj Joshi,mmehta87@jobs.in,202.88.172,358243908925334,40498260282277,+91-91598-23518,UPI Fraud,2026-01-16 15:37:00,"Panipat, Haryana"
RT603,Rani Khan,vkaur97@biz.in,14.139.127,358248288416432,40458599299372,+91-99708-59727,OTP Bypass,2026-01-15 15:05:00,"Vijayawada, Andhra Pradesh"
RT604,Vijay Kaur,rsharma88@biz.in,117.192.190,358245928074380,40457382047723,+91-94617-76069,OTP Bypass,2026-01-15 16:31:00,"Naharlagun, Arunachal Pradesh"
RT605,Sanjay Devi,rroy93@biz.in,182.19.250,358243893865298,40470169530313,+91-96766-18449,Online Scam,2026-01-14 09:19:00,"Raipur, Chhattisgarh"
RT606,Meena Kaur,snair83@shop.in,202.88.143,358245967908290,40469205801746,+91-94175-79673,Job Fraud,2026-01-16 06:28:00,"Warangal, Telangana"
RT607,Sita Patel,rsharma98@biz.in,59.144.63,358249482825098,40478656339044,+91-94449-85845,Matrimony Fraud,2026-01-15 07:52:00,"Jammu, Jammu and Kashmir"
RT608,Vijay Nair,preddy82@yahoo.co.in,59.144.78,358243531631841,40452709616423,+91-96080-66361,Job Fraud,2026-01-17 01:29:00,"Gangtok, Sikkim"
RT609,Sita Verma,ryadav92@biz.in,203.192.130,358246716659945,40416565043180,+91-99682-17310,UPI Fraud,2026-01-17 04:14:00,"Jodhpur, Rajasthan"
RT610,Anjali Devi,vgupta93@biz.in,202.88.139,358245812793509,40441222919065,+91-95564-50649,ATM Skimming,2026-01-16 01:35:00,"Nagpur, Maharashtra"
RT611,Meena Yadav,msingh90@trade.in,103.120.103,358247902285511,40471724754576,+91-94767-40495,Fake Loan App,2026-01-14 13:13:00,"Port Blair, Andaman and Nicobar Islands"
RT612,Amit Joshi,preddy91@biz.in,59.144.222,358246534180384,40473926772797,+91-93470-10632,Online Scam,2026-01-14 17:52:00,"Mandi, Himachal Pradesh"
RT613,Priya Gupta,rmehta92@zohomail.com,182.19.77,358242258743393,40420419196835,+91-99642-62514,Crypto Scam,2026-01-16 18:02:00,"Jalandhar, Punjab"
RT614,Anjali Mehta,adas80@biz.in,202.88.87,358241531996859,40450312490466,+91-96701-29472,Matrimony Fraud,2026-01-14 21:03:00,"Dehradun, Uttarakhand"
RT615,Sita Patel,areddy83@co.in,117.192.137,358247559370859,40425026845346,+91-93729-71547,Crypto Scam,2026-01-14 23:13:00,"Dibrugarh, Assam"
RT616,Sita Nair,dsharma90@biz.in,103.120.163,358249346447161,40496553830650,+91-92167-32379,Matrimony Fraud,2026-01-16 14:17:00,"Imphal, Manipur"
RT617,Neha Devi,pkhan95@yahoo.co.in,117.192.242,358242371280565,40496975257840,+91-97024-25862,Job Fraud,2026-01-16 07:42:00,"Bengaluru, Karnataka"
RT618,Pooja Verma,pnair96@yahoo.co.in,117.192.238,358242499238355,40434572087090,+91-99299-63638,Crypto Scam,2026-01-14 10:40:00,"Imphal, Manipur"
RT619,Anjali Gupta,preddy90@biz.in,182.19.119,358247263316962,40481834521294,+91-93685-45932,Matrimony Fraud,2026-01-17 09:24:00,"Jodhpur, Rajasthan"
RT620,Rahul Devi,pverma82@outlook.in,202.88.152,358241648700020,40462304182272,+91-97318-38857,Fake Loan App,2026-01-14 07:37:00,"Ranchi, Jharkhand"
RT621,Rahul Sharma,rkaur93@yahoo.co.in,182.19.250,358241781035824,40424574981152,+91-96085-79854,Matrimony Fraud,2026-01-14 22:21:00,"Daman, Dadra and Nagar Haveli and Daman and Diu"
RT622,Vijay Kaur,rkhan82@gmail.com,103.120.220,358246901917965,40448336575927,+91-90081-75521,Phishing SMS,2026-01-16 03:06:00,"Leh, Ladakh"
RT623,Rohit Nair,nmehta97@yahoo.co.in,14.139.239,358249229399605,40462942539955,+91-93254-16391,ATM Skimming,2026-01-15 07:54:00,"Raipur, Chhattisgarh"
RT624,Meena Roy,areddy90@shop.in,117.192.157,358244084089049,40488427445397,+91-96128-94363,Phishing SMS,2026-01-16 20:24:00,"Delhi, Delhi"
RT625,Karan Yadav,vjoshi92@biz.in,182.19.151,358247973107422,40421910023848,+91-97520-92294,OTP Bypass,2026-01-14 20:19:00,"Hyderabad, Telangana"
RT626,Amit Verma,ndas91@co.in,202.88.177,358246095889403,40493134053972,+91-94321-90232,OTP Bypass,2026-01-15 06:06:00,"Asansol, West Bengal"
RT627,Vijay Patel,nverma90@outlook.in,117.192.191,358248463970347,40429835629896,+91-93385-24189,OTP Bypass,2026-01-14 14:01:00,"Kanpur, Uttar Pradesh"
RT628,Vijay Roy,kyadav80@biz.in,117.192.151,358249127185408,40463732582260,+91-94179-81104,Job Fraud,2026-01-16 16:26:00,"Vijayawada, Andhra Pradesh"
RT629,Priya Gupta,mverma87@co.in,103.120.87,358244590803913,40467492543181,+91-97314-16461,Job Fraud,2026-01-16 05:34:00,"Vijayawada, Andhra Pradesh"
RT630,Sita Nair,vsingh94@outlook.in,59.144.171,358241057893977,40452594103644,+91-99497-50123,ATM Skimming,2026-01-16 01:31:00,"Mysuru, Karnataka"
RT631,Sanjay Khan,rroy89@co.in,103.120.209,358242953240981,40497252229190,+91-93704-45830,Ransomware,2026-01-17 06:05:00,"Gaya, Bihar"
RT632,Rani Yadav,rpatel80@jobs.in,182.19.184,358241682858920,40447270640157,+91-90702-70793,Online Scam,2026-01-16 06:04:00,"Aizawl, Mizoram"
RT633,Anjali Mehta,kkaur82@trade.in,14.139.196,358247133787138,40480855993129,+91-95934-75998,OTP Bypass,2026-01-14 03:48:00,"Port Blair, Andaman and Nicobar Islands"
RT634,Sanjay Joshi,smehta83@co.in,203.192.184,358243545574836,40463352221371,+91-95491-91053,OTP Bypass,2026-01-16 03:49:00,"Gurugram, Haryana"
RT635,Vijay Kaur,mkaur82@gmail.com,14.139.242,358244944115043,40433656387521,+91-94085-28376,ATM Skimming,2026-01-15 11:10:00,"Kanpur, Uttar Pradesh"
RT636,Deepak Yadav,myadav90@trade.in,117.192.248,358247533231403,40429482229628,+91-91858-81394,OTP Bypass,2026-01-16 12:31:00,"Udaipur, Rajasthan"
RT637,Priya Patel,agupta97@zohomail.com,103.120.218,358248657317779,40498808557969,+91-91034-26949,Crypto Scam,2026-01-15 16:01:00,"Gurugram, Haryana"
RT638,Deepak Verma,kgupta99@jobs.in,14.139.168,358248606206861,40498362348899,+91-92672-96851,UPI Fraud,2026-01-17 14:32:00,"Chandigarh, Chandigarh"
RT639,Karan Nair,nkaur92@trade.in,59.144.101,358248803128419,40488701529167,+91-98544-13576,Job Fraud,2026-01-14 11:26:00,"Silvassa, Dadra and Nagar Haveli and Daman and Diu"
RT640,Manoj Nair,rgupta87@shop.in,103.120.187,358244824417153,40450043924734,+91-98433-20645,UPI Fraud,2026-01-17 04:53:00,"Thiruvananthapuram, Kerala"
RT641,Neha Verma,ksharma93@zohomail.com,202.88.121,358245812799377,40420891015815,+91-96200-66717,OTP Bypass,2026-01-15 04:04:00,"Puducherry, Puducherry"
RT642,Manoj Patel,kroy85@outlook.in,14.139.133,358248447086409,40435568004571,+91-91207-35914,Crypto Scam,2026-01-15 11:58:00,"Surat, Gujarat"
RT643,Rani Joshi,vpatel94@gmail.com,14.139.197,358245352466965,40452936750290,+91-92252-31939,UPI Fraud,2026-01-14 23:24:00,"Shimla, Himachal Pradesh"
RT644,Neha Gupta,msingh96@zohomail.com,103.120.74,358244635681044,40420429295889,+91-95555-94896,Phishing SMS,2026-01-17 02:26:00,"Shimla, Himachal Pradesh"
RT645,Rani Das,mdevi83@jobs.in,182.19.81,358245995409825,40462620806044,+91-97847-22426,Fake Loan App,2026-01-16 01:51:00,"Puducherry, Puducherry"
RT646,Sanjay Patel,sdevi98@zohomail.com,103.120.119,358242732333972,40486507492398,+91-95645-44840,ATM Skimming,2026-01-14 22:44:00,"Lucknow, Uttar Pradesh"
RT647,Pooja Patel,dgupta98@jobs.in,14.139.120,358241080944384,40466867972262,+91-99838-98390,UPI Fraud,2026-01-16 03:11:00,"Margao, Goa"
RT648,Manoj Sharma,preddy86@outlook.in,14.139.171,358245367887940,40438478500187,+91-95254-89647,Crypto Scam,2026-01-17 05:30:00,"Gurugram, Haryana"
RT649,Amit Kaur,asingh81@jobs.in,202.88.67,358246939766655,40423962513482,+91-95220-30734,Fake Loan App,2026-01-15 07:28:00,"Shillong, Meghalaya"
RT650,Rani Nair,dmehta82@biz.in,117.192.227,358248168490397,40460145740003,+91-97659-92542,OTP Bypass,2026-01-14 15:37:00,"Surat, Gujarat"
RT651,Meena Roy,nroy97@zohomail.com,14.139.119,358246122303042,40480836469136,+91-96198-30579,Job Fraud,2026-01-16 19:08:00,"Karaikal, Puducherry"
RT652,Sita Roy,kpatel92@jobs.in,59.144.67,358246176725485,40446522750790,+91-99969-15514,OTP Bypass,2026-01-16 04:33:00,"Gurugram, Haryana"
RT653,Meena Mehta,pkhan99@zohomail.com,203.192.181,358243509888203,40413781865644,+91-92843-89775,Job Fraud,2026-01-15 16:43:00,"Varanasi, Uttar Pradesh"
RT654,Sita Das,preddy95@outlook.in,117.192.165,358249640074931,40429241620483,+91-90868-21243,Matrimony Fraud,2026-01-14 19:49:00,"Jamshedpur, Jharkhand"
RT655,Anjali Kaur,vkhan80@biz.in,117.192.146,358249834317379,40433338329694,+91-95001-78812,Crypto Scam,2026-01-17 02:08:00,"Srinagar, Jammu and Kashmir"
RT656,Rani Mehta,nsharma89@jobs.in,203.192.74,358245026773080,40497573705279,+91-92020-86117,OTP Bypass,2026-01-16 23:46:00,"Varanasi, Uttar Pradesh"
RT657,Amit Reddy,asingh80@biz.in,203.192.193,358246423610368,40470667062244,+91-92879-46692,Crypto Scam,2026-01-15 00:40:00,"Ranchi, Jharkhand"
RT658,Neha Patel,pdevi98@yahoo.co.in,59.144.183,358246353327117,40440203127240,+91-93538-63149,Matrimony Fraud,2026-01-14 23:33:00,"Coimbatore, Tamil Nadu"
RT659,Manoj Khan,kyadav95@trade.in,103.120.143,358249485374891,40421586963164,+91-92873-69752,UPI Fraud,2026-01-16 19:37:00,"Puducherry, Puducherry"
RT660,Meena Joshi,rdas88@yahoo.co.in,59.144.68,358248287324457,40493119540293,+91-99860-37748,Job Fraud,2026-01-16 17:24:00,"Shillong, Meghalaya"
RT661,Rahul Mehta,ndevi85@shop.in,203.192.76,358249674049775,40466089172751,+91-91974-42394,Crypto Scam,2026-01-14 13:37:00,"Jabalpur, Madhya Pradesh"
RT662,Rani Gupta,knair91@biz.in,182.19.169,358242106050445,40455809354188,+91-98521-31910,OTP Bypass,2026-01-17 08:11:00,"Udaipur, Rajasthan"
RT663,Priya Singh,pgupta87@jobs.in,59.144.179,358243047837204,40410841513888,+91-93065-78448,ATM Skimming,2026-01-16 18:32:00,"Gangtok, Sikkim"
RT664,Pooja Verma,mnair87@shop.in,59.144.135,358242857723342,40424759528299,+91-99141-27204,Fake Loan App,2026-01-14 12:08:00,"Ranchi, Jharkhand"
RT665,Sanjay Mehta,ryadav99@yahoo.co.in,117.192.223,358242325096000,40431897342726,+91-97603-92285,Online Scam,2026-01-17 00:57:00,"Leh, Ladakh"
RT666,Anjali Kaur,sgupta93@jobs.in,59.144.197,358247088479685,40467632208570,+91-97455-38247,Crypto Scam,2026-01-16 12:17:00,"Mandi, Himachal Pradesh"
RT667,Karan Kaur,agupta89@outlook.in,202.88.72,358247909397154,40429745159890,+91-91475-78016,Matrimony Fraud,2026-01-15 13:42:00,"Silchar, Assam"
RT668,Rahul Devi,rmehta92@outlook.in,203.192.169,358243520265799,40485863231566,+91-95075-82940,Ransomware,2026-01-14 16:12:00,"Lucknow, Uttar Pradesh"
RT669,Anjali Patel,msingh93@shop.in,202.88.131,358241234703971,40475351574048,+91-93852-78554,UPI Fraud,2026-01-15 12:37:00,"Thiruvananthapuram, Kerala"
RT670,Rani Roy,mkhan97@trade.in,14.139.204,358246047686255,40451073800842,+91-90568-23657,ATM Skimming,2026-01-14 22:19:00,"Srinagar, Jammu and Kashmir"
RT671,Sanjay Singh,rjoshi94@outlook.in,203.192.193,358243110717387,40445897309788,+91-97844-19398,Fake Loan App,2026-01-14 18:32:00,"Hyderabad, Telangana"
RT672,Vijay Verma,apatel95@zohomail.com,103.120.84,358247597894188,40416819116280,+91-93118-18159,Ransomware,2026-01-16 00:10:00,"Guntur, Andhra Pradesh"
RT673,Rohit Reddy,pkhan97@zohomail.com,182.19.143,358244771066300,40413886035455,+91-93829-87409,OTP Bypass,2026-01-14 14:08:00,"Chennai, Tamil Nadu"
RT674,Deepak Mehta,pjoshi87@jobs.in,202.88.129,358248466137520,40464769916118,+91-95075-65383,Crypto Scam,2026-01-16 22:09:00,"Bhagalpur, Bihar"
RT675,Sita Mehta,mreddy99@co.in,117.192.146,358248620089598,40444882042782,+91-98951-35425,Job Fraud,2026-01-15 19:36:00,"Jalandhar, Punjab"
RT676,Rahul Khan,vdas88@co.in,59.144.174,358241596885504,40449473264327,+91-97032-55772,OTP Bypass,2026-01-17 01:23:00,"New Delhi, Delhi"
RT677,Anjali Khan,vkaur81@shop.in,59.144.138,358242176233468,40478171960408,+91-93633-63905,Ransomware,2026-01-14 04:14:00,"Amritsar, Punjab"
RT678,Sita Devi,nyadav97@yahoo.co.in,182.19.141,358249190956435,40491808250333,+91-98255-82915,Ransomware,2026-01-17 04:59:00,"Kolkata, West Bengal"
RT679,Deepak Nair,spatel89@trade.in,103.120.191,358246001355577,40471748643790,+91-91421-33096,Matrimony Fraud,2026-01-14 07:31:00,"Jaipur, Rajasthan"
RT680,Deepak Khan,sdas84@yahoo.co.in,117.192.120,358247633091949,40419124985277,+91-99621-18289,Matrimony Fraud,2026-01-16 23:34:00,"Madurai, Tamil Nadu"
RT681,Amit Roy,rverma87@biz.in,14.139.180,358247029450370,40487432475491,+91-94689-81736,OTP Bypass,2026-01-16 17:36:00,"Delhi, Delhi"
RT682,Rahul Khan,ryadav89@yahoo.co.in,202.88.105,358242724236831,40428275800150,+91-95744-89554,OTP Bypass,2026-01-17 02:34:00,"Amritsar, Punjab"
RT683,Deepak Patel,dsharma85@jobs.in,59.144.70,358242100509376,40490667948417,+91-93966-88995,Online Scam,2026-01-15 19:16:00,"Solan, Himachal Pradesh"
RT684,Sanjay Joshi,ryadav83@trade.in,202.88.63,358247692498817,40436234931237,+91-92583-73484,Fake Loan App,2026-01-17 14:02:00,"Mysuru, Karnataka"
RT685,Sanjay Das,rnair88@jobs.in,59.144.91,358241439501454,40479450117571,+91-94294-35993,Ransomware,2026-01-14 14:02:00,"New Delhi, Delhi"
RT686,Vijay Gupta,myadav81@co.in,117.192.94,358245141948798,40442104572907,+91-90860-42740,Online Scam,2026-01-16 07:37:00,"Gurugram, Haryana"
RT687,Rani Sharma,proy90@shop.in,14.139.176,358245089822162,40434818826767,+91-94888-67416,Job Fraud,2026-01-15 00:03:00,"Naharlagun, Arunachal Pradesh"
RT688,Rani Reddy,ryadav93@trade.in,103.120.153,358248027613135,40410465691073,+91-93428-36347,Job Fraud,2026-01-14 07:40:00,"Delhi, Delhi"
RT689,Vijay Mehta,rgupta96@yahoo.co.in,182.19.99,358242203971004,40441140319144,+91-93473-54949,Ransomware,2026-01-15 14:46:00,"Kolkata, West Bengal"
RT690,Priya Gupta,nkaur94@shop.in,59.144.154,358242570350560,40470527200043,+91-94713-85137,OTP Bypass,2026-01-16 09:54:00,"Guntur, Andhra Pradesh"
RT691,Amit Gupta,pdevi91@trade.in,182.19.179,358249691094556,40465288184637,+91-93111-89417,Job Fraud,2026-01-16 15:09:00,"Indore, Madhya Pradesh"
RT692,Neha Verma,rsingh88@jobs.in,59.144.176,358244157402016,40467762297473,+91-90043-55910,Online Scam,2026-01-16 06:42:00,"Jaipur, Rajasthan"
RT693,Karan Patel,kreddy88@jobs.in,117.192.140,358247686058211,40488158419864,+91-97763-12172,Job Fraud,2026-01-16 13:49:00,"Thiruvananthapuram, Kerala"
RT694,Vijay Gupta,njoshi91@biz.in,202.88.223,358247506785505,40438588505247,+91-90308-34672,Online Scam,2026-01-14 19:22:00,"Silchar, Assam"
RT695,Meena Reddy,pmehta83@yahoo.co.in,103.120.195,358249841355215,40459713100858,+91-91995-93829,Ransomware,2026-01-17 04:19:00,"Mumbai, Maharashtra"
RT696,Pooja Mehta,mnair87@trade.in,117.192.139,358248361587903,40495185337771,+91-91043-35305,Crypto Scam,2026-01-14 20:02:00,"Udaipur, Rajasthan"
RT697,Pooja Patel,preddy84@biz.in,203.192.198,358245720189837,40424300429849,+91-97343-81768,Matrimony Fraud,2026-01-14 08:46:00,"Kavaratti, Lakshadweep"
RT698,Pooja Patel,myadav91@gmail.com,117.192.235,358243841972983,40440535425777,+91-99252-70461,UPI Fraud,2026-01-16 09:59:00,"Jodhpur, Rajasthan"
RT699,Karan Das,msingh85@zohomail.com,103.120.92,358245008847751,40444112853720,+91-98113-30205,Online Scam,2026-01-14 21:54:00,"Shillong, Meghalaya"
RT700,Rohit Kaur,kkhan81@yahoo.co.in,202.88.158,358249128121105,40449317872742,+91-92808-56353,Fake Loan App,2026-01-16 03:34:00,"Siliguri, West Bengal"
RT701,Deepak Reddy,nroy93@zohomail.com,117.192.64,358241531643093,40436667291860,+91-97470-27360,Job Fraud,2026-01-14 22:52:00,"Vadodara, Gujarat"
RT702,Rohit Verma,ssharma90@biz.in,117.192.150,358244754820003,40483397713193,+91-92636-42056,Online Scam,2026-01-15 17:56:00,"Chandigarh, Chandigarh"
RT703,Karan Nair,rdas98@shop.in,117.192.157,358247237959195,40431457234110,+91-97822-81933,OTP Bypass,2026-01-16 14:29:00,"Faridabad, Haryana"
RT704,Meena Roy,areddy94@biz.in,203.192.132,358243553814526,40476811089643,+91-90214-44826,Job Fraud,2026-01-15 22:10:00,"Mysuru, Karnataka"
RT705,Amit Patel,ndevi89@biz.in,14.139.201,358248220514932,40499215138875,+91-96918-13488,Online Scam,2026-01-15 23:53:00,"Surat, Gujarat"
RT706,Amit Singh,rkaur99@zohomail.com,103.120.232,358242708466978,40421294916563,+91-94232-10512,Matrimony Fraud,2026-01-14 19:23:00,"Amritsar, Punjab"
RT707,Manoj Joshi,dpatel99@jobs.in,182.19.251,358243670371238,40461173690883,+91-98130-63028,Job Fraud,2026-01-17 00:00:00,"Ahmedabad, Gujarat"
RT708,Rohit Mehta,kgupta84@zohomail.com,202.88.223,358245839307235,40496551610534,+91-91117-66629,ATM Skimming,2026-01-16 11:12:00,"Silchar, Assam"
RT709,Manoj Khan,skhan94@jobs.in,103.120.110,358245425425051,40471242751860,+91-94356-58956,Matrimony Fraud,2026-01-16 16:38:00,"Cuttack, Odisha"
RT710,Amit Singh,ndas90@outlook.in,14.139.96,358249187301752,40470686542122,+91-98424-72649,Job Fraud,2026-01-14 10:51:00,"Mysuru, Karnataka"
RT711,Deepak Sharma,pkhan94@trade.in,182.19.84,358247004955605,40421192280216,+91-93934-81316,Online Scam,2026-01-15 17:50:00,"Naharlagun, Arunachal Pradesh"
RT712,Rohit Devi,njoshi83@shop.in,182.19.60,358248613870792,40458230102771,+91-90996-21611,Phishing SMS,2026-01-16 15:27:00,"Chandigarh, Chandigarh"
RT713,Sanjay Mehta,mdas83@shop.in,59.144.229,358242489352418,40452745941374,+91-92918-24335,Job Fraud,2026-01-17 03:47:00,"Bhagalpur, Bihar"
RT714,Anjali Joshi,amehta86@zohomail.com,117.192.100,358246005689532,40425038040495,+91-90173-78438,Matrimony Fraud,2026-01-17 10:58:00,"Chennai, Tamil Nadu"
RT715,Manoj Singh,mreddy98@biz.in,14.139.140,358244848547443,40493960012875,+91-92924-39122,Fake Loan App,2026-01-16 18:18:00,"Madurai, Tamil Nadu"
RT716,Priya Singh,rdevi96@gmail.com,182.19.104,358241670758747,40464679675165,+91-99512-78712,ATM Skimming,2026-01-15 11:13:00,"Hyderabad, Telangana"
RT717,Deepak Verma,ayadav95@shop.in,117.192.122,358245857810104,40431029938368,+91-90863-28682,Ransomware,2026-01-16 07:07:00,"Raipur, Chhattisgarh"
RT718,Meena Patel,nkhan95@trade.in,117.192.211,358249288303252,40437016022371,+91-94918-86902,UPI Fraud,2026-01-14 13:57:00,"Srinagar, Jammu and Kashmir"
RT719,Meena Das,vjoshi91@co.in,117.192.131,358245325943271,40441351618017,+91-92192-54547,Fake Loan App,2026-01-16 06:51:00,"Kavaratti, Lakshadweep"
RT720,Sanjay Yadav,vnair95@jobs.in,203.192.214,358245818208141,40431965725658,+91-96526-19555,Online Scam,2026-01-16 17:34:00,"Aizawl, Mizoram"
RT721,Neha Patel,sroy93@outlook.in,103.120.153,358246201003756,40494526933695,+91-98177-84483,Crypto Scam,2026-01-14 20:59:00,"New Delhi, Delhi"
RT722,Neha Nair,ajoshi81@shop.in,103.120.164,358248529014048,40492876869678,+91-91141-89037,Crypto Scam,2026-01-14 17:14:00,"Hyderabad, Telangana"
RT723,Sita Das,djoshi81@co.in,14.139.64,358248999978490,40433337455765,+91-96543-78407,Crypto Scam,2026-01-16 02:19:00,"Kohima, Nagaland"
RT724,Rahul Reddy,ddevi87@shop.in,14.139.166,358245225201830,40445847386819,+91-93380-97524,Job Fraud,2026-01-16 00:45:00,"Jodhpur, Rajasthan"
RT725,Rahul Mehta,rverma98@trade.in,59.144.133,358242190609074,40485973461928,+91-94717-91710,Fake Loan App,2026-01-16 02:05:00,"Dehradun, Uttarakhand"
RT726,Manoj Verma,nroy93@shop.in,59.144.168,358246192716770,40498965146179,+91-96169-51790,ATM Skimming,2026-01-16 05:34:00,"Gurugram, Haryana"
RT727,Karan Gupta,rsharma86@co.in,59.144.186,358243842210255,40458685329377,+91-92430-63834,Ransomware,2026-01-14 20:31:00,"Mysuru, Karnataka"
RT728,Pooja Gupta,kjoshi98@biz.in,203.192.194,358243889507531,40475083956769,+91-91002-69005,Fake Loan App,2026-01-14 10:55:00,"Aizawl, Mizoram"
RT729,Meena Reddy,areddy93@zohomail.com,182.19.145,358241216718985,40430623322475,+91-99245-45735,Fake Loan App,2026-01-14 06:43:00,"Madurai, Tamil Nadu"
RT730,Sita Singh,rkhan83@yahoo.co.in,103.120.250,358242970409661,40421522391606,+91-98294-64227,Crypto Scam,2026-01-14 17:33:00,"Guwahati, Assam"
RT731,Pooja Verma,snair84@co.in,14.139.234,358245965331261,40496943870005,+91-97263-46180,Fake Loan App,2026-01-15 17:43:00,"Thrissur, Kerala"
RT732,Sita Yadav,areddy98@biz.in,203.192.164,358248586663408,40469297329171,+91-97413-39475,UPI Fraud,2026-01-15 22:02:00,"Gaya, Bihar"
RT733,Meena Patel,npatel81@biz.in,117.192.162,358243848845689,40419873264588,+91-90837-88003,Crypto Scam,2026-01-15 00:36:00,"Kochi, Kerala"
RT734,Sita Khan,rgupta85@outlook.in,182.19.71,358242912048837,40477456910115,+91-91925-49298,ATM Skimming,2026-01-14 12:43:00,"Visakhapatnam, Andhra Pradesh"
RT735,Meena Verma,smehta80@gmail.com,59.144.189,358245525065147,40413987026515,+91-99611-96827,OTP Bypass,2026-01-16 09:32:00,"Amritsar, Punjab"
RT736,Sanjay Verma,nsharma99@trade.in,59.144.62,358242117714219,40436608162428,+91-99450-31388,Ransomware,2026-01-15 13:54:00,"Shillong, Meghalaya"
RT737,Sanjay Singh,nnair97@outlook.in,59.144.213,358244531750754,40428628076465,+91-95296-59781,Crypto Scam,2026-01-17 05:18:00,"Bengaluru, Karnataka"
RT738,Sanjay Nair,rverma85@gmail.com,103.120.144,358249909198044,40474226174675,+91-96185-62629,OTP Bypass,2026-01-15 01:33:00,"Kochi, Kerala"
RT739,Karan Joshi,vsharma95@gmail.com,103.120.213,358241327552552,40414042462176,+91-92698-41547,Crypto Scam,2026-01-14 09:26:00,"Shimla, Himachal Pradesh"
RT740,Priya Nair,dreddy98@yahoo.co.in,14.139.81,358247845691099,40434146187414,+91-98572-57288,Fake Loan App,2026-01-14 10:44:00,"Bilaspur, Chhattisgarh"
RT741,Rohit Devi,ryadav90@jobs.in,203.192.150,358244336607774,40465316353155,+91-92889-58533,Job Fraud,2026-01-16 16:29:00,"Shimla, Himachal Pradesh"
RT742,Sita Patel,sgupta98@co.in,59.144.83,358248123191015,40475234219422,+91-92648-22831,ATM Skimming,2026-01-15 13:04:00,"Dibrugarh, Assam"
RT743,Rohit Kaur,mdevi83@co.in,117.192.164,358241636928578,40420195894518,+91-93699-59797,Matrimony Fraud,2026-01-16 17:15:00,"Puducherry, Puducherry"
RT744,Pooja Kaur,rdevi89@jobs.in,117.192.221,358249171444315,40450484670383,+91-90124-22706,Crypto Scam,2026-01-17 02:16:00,"Pune, Maharashtra"
RT745,Sanjay Yadav,rnair89@zohomail.com,117.192.113,358243700449107,40465904043512,+91-94102-58337,Fake Loan App,2026-01-16 05:18:00,"Agartala, Tripura"
RT746,Neha Verma,mkaur97@shop.in,59.144.166,358248771725907,40492803178640,+91-99908-19670,Fake Loan App,2026-01-16 19:50:00,"Nagpur, Maharashtra"
RT747,Sita Das,mdevi91@outlook.in,103.120.177,358244690350784,40455102960056,+91-98464-52377,Crypto Scam,2026-01-16 19:59:00,"Asansol, West Bengal"
RT748,Pooja Roy,proy90@shop.in,182.19.207,358248714425930,40478955952086,+91-93828-73024,UPI Fraud,2026-01-14 14:35:00,"Imphal, Manipur"
RT749,Neha Gupta,rpatel94@co.in,203.192.134,358247898298779,40417900063949,+91-92998-91230,Matrimony Fraud,2026-01-14 19:29:00,"Nagpur, Maharashtra"
RT750,Rahul Joshi,rsingh98@outlook.in,202.88.78,358241079702513,40453867671516,+91-97789-24789,Ransomware,2026-01-17 08:00:00,"Lucknow, Uttar Pradesh"
RT751,Karan Nair,skhan82@gmail.com,117.192.89,358243234855787,40473617157564,+91-95317-92468,Phishing SMS,2026-01-15 18:04:00,"Chennai, Tamil Nadu"
RT752,Amit Khan,rroy92@biz.in,182.19.109,358241568557575,40416271351609,+91-97384-20092,Ransomware,2026-01-16 10:10:00,"Dibrugarh, Assam"
RT753,Meena Verma,vyadav88@trade.in,203.192.161,358248065199145,40498401185854,+91-92125-43477,Phishing SMS,2026-01-14 18:28:00,"Faridabad, Haryana"
RT754,Amit Khan,rdas85@outlook.in,14.139.138,358241819648111,40480058335771,+91-98368-83063,Matrimony Fraud,2026-01-17 06:36:00,"Gurugram, Haryana"
RT755,Vijay Singh,kpatel93@biz.in,203.192.74,358242363437963,40491982533715,+91-96695-86993,Phishing SMS,2026-01-15 08:25:00,"Chennai, Tamil Nadu"
RT756,Deepak Khan,agupta99@co.in,203.192.77,358248526458443,40467791181055,+91-94322-11169,Ransomware,2026-01-15 15:54:00,"Aizawl, Mizoram"
RT757,Sanjay Kaur,mpatel86@outlook.in,103.120.66,358245071338784,40437577432664,+91-92635-19452,Ransomware,2026-01-17 06:12:00,"Indore, Madhya Pradesh"
RT758,Meena Das,pverma97@trade.in,14.139.234,358244681698368,40442313242548,+91-99425-73861,Job Fraud,2026-01-15 21:21:00,"Chandigarh, Chandigarh"
RT759,Neha Singh,dgupta84@outlook.in,59.144.196,358243129974660,40485788260831,+91-92920-65188,Job Fraud,2026-01-14 17:15:00,"Jalandhar, Punjab"
RT760,Manoj Roy,nkaur83@outlook.in,59.144.235,358248113807095,40426413554587,+91-95519-13403,Phishing SMS,2026-01-15 02:52:00,"Agartala, Tripura"
RT761,Sanjay Joshi,adevi99@outlook.in,182.19.94,358249016500979,40417594901702,+91-92818-16323,Online Scam,2026-01-15 03:20:00,"Ranchi, Jharkhand"
RT762,Priya Gupta,mreddy82@trade.in,14.139.112,358245930465559,40411111491151,+91-99814-67322,Job Fraud,2026-01-14 23:51:00,"Asansol, West Bengal"
RT763,Meena Sharma,psharma94@gmail.com,59.144.92,358241633554790,40460516598333,+91-93615-31419,ATM Skimming,2026-01-15 01:23:00,"Silvassa, Dadra and Nagar Haveli and Daman and Diu"
RT764,Rahul Sharma,ssharma87@co.in,14.139.80,358243475933498,40484356588039,+91-95723-40164,Crypto Scam,2026-01-16 00:15:00,"Jamshedpur, Jharkhand"
RT765,Manoj Khan,kdas95@jobs.in,117.192.68,358242747837294,40412991783266,+91-93291-71930,Online Scam,2026-01-16 19:10:00,"Surat, Gujarat"
RT766,Rohit Yadav,vyadav91@co.in,14.139.119,358249679375804,40475768762000,+91-97837-86422,ATM Skimming,2026-01-16 02:46:00,"Vadodara, Gujarat"
RT767,Priya Das,rsingh92@shop.in,117.192.120,358247782438842,40482394797652,+91-97911-24603,Fake Loan App,2026-01-14 14:47:00,"Itanagar, Arunachal Pradesh"
RT768,Manoj Sharma,pkaur84@jobs.in,182.19.191,358243001117606,40462249881434,+91-91478-94183,Fake Loan App,2026-01-16 18:39:00,"Imphal, Manipur"
RT769,Rohit Sharma,nverma99@zohomail.com,117.192.166,358247077133459,40419768739014,+91-93097-68923,Phishing SMS,2026-01-14 21:01:00,"Cuttack, Odisha"
RT770,Rani Yadav,mjoshi99@co.in,14.139.236,358245151264150,40417754800582,+91-91729-73065,OTP Bypass,2026-01-14 06:51:00,"Jaipur, Rajasthan"
RT771,Meena Verma,ayadav93@biz.in,182.19.88,358244861238150,40413358297593,+91-95064-47021,OTP Bypass,2026-01-17 05:57:00,"Pune, Maharashtra"
RT772,Karan Patel,sreddy81@outlook.in,59.144.254,358246013377635,40489482173931,+91-93720-48540,Phishing SMS,2026-01-16 06:08:00,"Siliguri, West Bengal"
RT773,Rohit Das,rverma82@trade.in,117.192.214,358241746033239,40471520243592,+91-93239-91419,OTP Bypass,2026-01-15 14:14:00,"Pune, Maharashtra"
RT774,Vijay Khan,ndevi83@outlook.in,203.192.185,358242016399230,40466832582562,+91-91557-85699,UPI Fraud,2026-01-17 01:53:00,"Itanagar, Arunachal Pradesh"
RT775,Meena Sharma,skhan98@biz.in,117.192.171,358247330071962,40416736145877,+91-96245-92551,Phishing SMS,2026-01-17 00:59:00,"Itanagar, Arunachal Pradesh"
RT776,Rani Joshi,pyadav98@trade.in,103.120.178,358247689893563,40437526769806,+91-98272-38840,Crypto Scam,2026-01-16 09:15:00,"Leh, Ladakh"
RT777,Rahul Nair,dkaur93@zohomail.com,14.139.144,358246903022718,40482218145194,+91-95308-32937,Fake Loan App,2026-01-17 12:19:00,"Pune, Maharashtra"
RT778,Rohit Roy,vkaur85@zohomail.com,14.139.234,358242475373780,40473451938060,+91-92453-18946,Job Fraud,2026-01-16 11:21:00,"Port Blair, Andaman and Nicobar Islands"
RT779,Pooja Singh,rverma99@yahoo.co.in,14.139.142,358242056249567,40421646035515,+91-98571-72383,Phishing SMS,2026-01-16 01:56:00,"New Delhi, Delhi"
RT780,Amit Kaur,rjoshi83@shop.in,59.144.210,358242671845742,40432854409557,+91-90927-81529,UPI Fraud,2026-01-16 01:32:00,"Chandigarh, Chandigarh"
RT781,Amit Khan,kkhan91@zohomail.com,203.192.195,358248407859996,40474478872629,+91-97154-57493,Phishing SMS,2026-01-15 15:38:00,"Itanagar, Arunachal Pradesh"
RT782,Anjali Roy,syadav99@shop.in,14.139.90,358242095182205,40436345541776,+91-92788-73321,Online Scam,2026-01-14 15:08:00,"Lucknow, Uttar Pradesh"
RT783,Amit Gupta,nroy98@co.in,203.192.188,358243257150547,40478946863601,+91-99088-16070,Crypto Scam,2026-01-16 17:13:00,"Patna, Bihar"
RT784,Manoj Roy,vkhan87@co.in,203.192.101,358241103107755,40472707398173,+91-95191-79705,Online Scam,2026-01-17 13:14:00,"Udaipur, Rajasthan"
RT785,Meena Patel,proy98@shop.in,59.144.135,358249289996485,40427403708946,+91-93666-94820,Crypto Scam,2026-01-16 09:31:00,"Raipur, Chhattisgarh"
RT786,Vijay Singh,psharma95@trade.in,202.88.205,358243954201110,40465723389433,+91-99877-24482,UPI Fraud,2026-01-15 05:50:00,"Margao, Goa"
RT787,Meena Mehta,mgupta85@co.in,59.144.239,358245570418594,40478219536824,+91-94400-33457,Fake Loan App,2026-01-14 15:02:00,"New Delhi, Delhi"
RT788,Anjali Reddy,sdas95@biz.in,103.120.252,358245730210456,40474573436013,+91-90692-41268,Fake Loan App,2026-01-16 12:45:00,"Udaipur, Rajasthan"
RT789,Manoj Sharma,myadav97@yahoo.co.in,203.192.171,358243127501877,40428603273409,+91-90356-93095,ATM Skimming,2026-01-17 08:38:00,"Indore, Madhya Pradesh"
RT790,Deepak Gupta,vmehta94@co.in,59.144.77,358244844863557,40487745326580,+91-98569-82966,Online Scam,2026-01-15 13:23:00,"Naharlagun, Arunachal Pradesh"
RT791,Rani Gupta,amehta97@trade.in,182.19.119,358242194338116,40473459938886,+91-95724-84449,Phishing SMS,2026-01-16 22:40:00,"Gurugram, Haryana"
RT792,Sanjay Patel,dsharma92@jobs.in,117.192.168,358244348737650,40499535733081,+91-93701-80057,Ransomware,2026-01-14 12:10:00,"Pune, Maharashtra"
RT793,Rani Khan,vsingh82@trade.in,103.120.105,358249576396216,40488558088728,+91-91325-51012,Job Fraud,2026-01-15 18:06:00,"Varanasi, Uttar Pradesh"
RT794,Pooja Kaur,sjoshi97@zohomail.com,14.139.131,358241713350279,40427178212335,+91-90796-95704,Ransomware,2026-01-15 00:13:00,"Visakhapatnam, Andhra Pradesh"
RT795,Priya Kaur,mdevi83@gmail.com,103.120.135,358241182253802,40488479564212,+91-92060-40988,UPI Fraud,2026-01-14 18:35:00,"Gurugram, Haryana"
RT796,Amit Roy,sjoshi94@trade.in,117.192.123,358247621750379,40443353250236,+91-94739-69989,Phishing SMS,2026-01-17 12:24:00,"Chandigarh, Chandigarh"
RT797,Amit Kaur,mkaur98@trade.in,182.19.185,358244492522716,40461996321453,+91-97539-11430,Phishing SMS,2026-01-17 10:57:00,"Pune, Maharashtra"
RT798,Neha Singh,rnair80@zohomail.com,202.88.122,358246909673410,40425588427800,+91-91310-77975,Crypto Scam,2026-01-14 12:35:00,"Kochi, Kerala"
RT799,Rani Mehta,kdas99@jobs.in,59.144.76,358241568701776,40455941490251,+91-93785-44154,Job Fraud,2026-01-15 09:20:00,"Siliguri, West Bengal"
RT800,Deepak Singh,preddy98@jobs.in,182.19.241,358241782115166,40436048306613,+91-97747-45928,Fake Loan App,2026-01-17 05:11:00,"Mumbai, Maharashtra"
RT801,Neha Khan,sverma83@shop.in,202.88.217,358248581599625,40451460251874,+91-90048-73102,Matrimony Fraud,2026-01-16 23:23:00,"Gangtok, Sikkim"
RT802,Rani Singh,adas89@jobs.in,182.19.120,358249477572385,40444007251103,+91-99043-18286,Online Scam,2026-01-14 16:36:00,"Gangtok, Sikkim"
RT803,Amit Reddy,rkaur97@zohomail.com,202.88.132,358245609158704,40415865056508,+91-90755-91427,Matrimony Fraud,2026-01-16 10:17:00,"Leh, Ladakh"
RT804,Karan Sharma,mpatel81@co.in,103.120.240,358244153032296,40481654303850,+91-97665-93143,Job Fraud,2026-01-14 17:52:00,"Patna, Bihar"
RT805,Rani Yadav,knair83@biz.in,182.19.254,358241410005055,40417683655869,+91-92776-79211,Crypto Scam,2026-01-16 12:13:00,"Amritsar, Punjab"
RT806,Sita Joshi,rdevi97@gmail.com,14.139.198,358241688259186,40456236701339,+91-98385-64770,Job Fraud,2026-01-16 17:22:00,"Ludhiana, Punjab"
RT807,Pooja Nair,pdas80@gmail.com,117.192.67,358248349549924,40489182629619,+91-94901-67891,Phishing SMS,2026-01-16 20:45:00,"Kochi, Kerala"
RT808,Anjali Singh,rdevi83@co.in,202.88.75,358249838033579,40446941242325,+91-90637-97263,Fake Loan App,2026-01-15 04:16:00,"Silchar, Assam"
RT809,Vijay Kaur,nroy86@yahoo.co.in,202.88.168,358248172050424,40460560912111,+91-94478-51574,Fake Loan App,2026-01-15 08:14:00,"Bengaluru, Karnataka"
RT810,Rani Kaur,rverma87@biz.in,14.139.141,358242246267769,40436800515742,+91-97153-83180,Matrimony Fraud,2026-01-14 05:01:00,"Chennai, Tamil Nadu"
RT811,Vijay Nair,ajoshi82@shop.in,202.88.113,358249355997870,40455567708673,+91-95807-56283,Online Scam,2026-01-16 21:04:00,"Itanagar, Arunachal Pradesh"
RT812,Meena Khan,rkhan87@jobs.in,59.144.141,358245220994644,40434573838691,+91-96294-88341,Job Fraud,2026-01-15 11:10:00,"Mandi, Himachal Pradesh"
RT813,Rohit Nair,ddas87@zohomail.com,117.192.245,358241364089370,40424562673859,+91-93752-84360,OTP Bypass,2026-01-17 11:41:00,"Siliguri, West Bengal"
RT814,Meena Reddy,anair85@yahoo.co.in,117.192.78,358244122160722,40495933746502,+91-93620-69581,Online Scam,2026-01-14 09:11:00,"Madurai, Tamil Nadu"
RT815,Anjali Devi,dkaur80@jobs.in,59.144.178,358247225587710,40486208157241,+91-90742-48020,Fake Loan App,2026-01-14 06:22:00,"Puducherry, Puducherry"
RT816,Sita Das,rjoshi95@shop.in,117.192.104,358244017083029,40498111915090,+91-93207-45180,ATM Skimming,2026-01-16 21:39:00,"Ranchi, Jharkhand"
RT817,Manoj Nair,rkhan91@jobs.in,59.144.250,358246771514148,40438591029217,+91-93262-80514,OTP Bypass,2026-01-17 01:26:00,"Raipur, Chhattisgarh"
RT818,Amit Sharma,pverma93@trade.in,103.120.106,358243113772658,40481089461381,+91-91065-93706,Ransomware,2026-01-15 03:41:00,"Itanagar, Arunachal Pradesh"
RT819,Manoj Nair,mverma84@shop.in,203.192.96,358244392905977,40446580514832,+91-95493-39041,Ransomware,2026-01-16 00:40:00,"Leh, Ladakh"
RT820,Rohit Patel,kkaur83@biz.in,117.192.180,358249249773560,40464478419376,+91-93719-22795,UPI Fraud,2026-01-15 19:52:00,"Silchar, Assam"
RT821,Sanjay Reddy,ngupta80@biz.in,103.120.249,358245853441261,40447309595739,+91-91712-13126,Matrimony Fraud,2026-01-15 16:11:00,"Patna, Bihar"
RT822,Rani Patel,dreddy83@trade.in,59.144.234,358245734738180,40429013600108,+91-90504-73651,ATM Skimming,2026-01-15 19:24:00,"Visakhapatnam, Andhra Pradesh"
RT823,Meena Khan,rkaur95@yahoo.co.in,117.192.96,358248164507005,40474424012604,+91-95349-10717,Online Scam,2026-01-16 22:44:00,"Panaji, Goa"
RT824,Deepak Kaur,vkaur82@jobs.in,14.139.168,358243556714876,40498776034676,+91-96008-32836,UPI Fraud,2026-01-14 03:40:00,"Bhilai, Chhattisgarh"
RT825,Priya Patel,sverma93@shop.in,103.120.70,358243020231903,40479528999270,+91-98328-70373,UPI Fraud,2026-01-14 09:31:00,"New Delhi, Delhi"
RT826,Rani Gupta,rkaur93@yahoo.co.in,117.192.63,358246161915645,40411264984477,+91-99796-50251,Matrimony Fraud,2026-01-16 23:58:00,"Haldwani, Uttarakhand"
RT827,Rani Verma,rjoshi88@outlook.in,14.139.88,358249846443910,40459610503656,+91-94241-21172,ATM Skimming,2026-01-17 00:41:00,"Siliguri, West Bengal"
RT828,Karan Yadav,pverma92@co.in,203.192.153,358248094289685,40437101082693,+91-99966-33475,Phishing SMS,2026-01-17 14:56:00,"New Delhi, Delhi"
RT829,Rani Kaur,rverma80@trade.in,14.139.220,358244083676960,40492587671197,+91-96178-11290,Ransomware,2026-01-16 19:36:00,"Kavaratti, Lakshadweep"
RT830,Karan Joshi,sverma94@shop.in,117.192.88,358247937155930,40458177453952,+91-90309-64175,ATM Skimming,2026-01-14 20:33:00,"Panipat, Haryana"
RT831,Deepak Yadav,kkhan82@outlook.in,59.144.123,358243846822419,40432114323641,+91-94104-93359,Phishing SMS,2026-01-14 15:53:00,"Solan, Himachal Pradesh"
RT832,Manoj Yadav,nkhan88@trade.in,117.192.237,358241817799941,40447122140844,+91-99572-32769,Online Scam,2026-01-14 10:27:00,"Udaipur, Rajasthan"
RT833,Rohit Gupta,mmehta81@gmail.com,14.139.102,358243185502508,40413153717952,+91-92594-59780,Online Scam,2026-01-14 18:12:00,"Srinagar, Jammu and Kashmir"
RT834,Rani Verma,pkaur95@co.in,59.144.223,358249013453541,40494486330436,+91-94819-32633,Online Scam,2026-01-15 11:05:00,"Madurai, Tamil Nadu"
RT835,Meena Joshi,vreddy83@outlook.in,202.88.156,358245704839757,40426687919606,+91-97824-89681,Fake Loan App,2026-01-15 18:22:00,"Shimla, Himachal Pradesh"
RT836,Sanjay Reddy,mnair84@co.in,59.144.188,358248372649810,40472161212339,+91-91743-47107,ATM Skimming,2026-01-17 10:14:00,"Varanasi, Uttar Pradesh"
RT837,Rahul Singh,sreddy90@biz.in,103.120.102,358242719315114,40453447259263,+91-90739-13980,OTP Bypass,2026-01-14 09:16:00,"Jabalpur, Madhya Pradesh"
RT838,Karan Kaur,ksharma88@outlook.in,203.192.63,358249160608610,40426065520060,+91-96099-93409,Phishing SMS,2026-01-16 22:59:00,"Aizawl, Mizoram"
RT839,Priya Yadav,psharma96@zohomail.com,103.120.151,358245637096147,40421363029127,+91-90644-20005,ATM Skimming,2026-01-14 21:06:00,"Cuttack, Odisha"
RT840,Manoj Devi,nnair89@jobs.in,117.192.240,358247042307376,40471104244888,+91-98662-68484,Matrimony Fraud,2026-01-15 14:47:00,"Aizawl, Mizoram"
RT841,Priya Kaur,vnair83@co.in,203.192.124,358243609233388,40465604968399,+91-98409-73171,UPI Fraud,2026-01-14 17:42:00,"Panaji, Goa"
RT842,Rahul Roy,skaur80@trade.in,59.144.83,358245408662447,40449194416921,+91-90108-41618,UPI Fraud,2026-01-16 19:48:00,"Gangtok, Sikkim"
RT843,Meena Das,sjoshi96@zohomail.com,59.144.211,358244707822292,40449483473631,+91-94979-81645,Job Fraud,2026-01-16 07:55:00,"Kanpur, Uttar Pradesh"
RT844,Rahul Devi,sdas86@co.in,182.19.139,358242696929046,40494262755642,+91-95681-16514,Phishing SMS,2026-01-16 12:28:00,"Indore, Madhya Pradesh"
RT845,Sanjay Patel,mroy93@shop.in,182.19.230,358243007104899,40416598795784,+91-98203-12940,Online Scam,2026-01-16 13:30:00,"Bhilai, Chhattisgarh"
RT846,Rahul Devi,ddevi94@outlook.in,117.192.153,358244454408120,40474078175361,+91-96529-66390,Online Scam,2026-01-14 13:14:00,"Kanpur, Uttar Pradesh"
RT847,Meena Kaur,pkhan82@biz.in,182.19.85,358245965560004,40444054993847,+91-94235-89163,UPI Fraud,2026-01-16 17:28:00,"Pune, Maharashtra"
RT848,Rohit Devi,ssharma82@outlook.in,117.192.157,358245743218956,40470577232580,+91-94005-50814,Matrimony Fraud,2026-01-14 12:56:00,"Warangal, Telangana"
RT849,Rohit Roy,pkaur81@shop.in,103.120.207,358243206757175,40475912197577,+91-97422-35626,Matrimony Fraud,2026-01-17 03:57:00,"Faridabad, Haryana"
RT850,Sita Devi,rpatel91@co.in,14.139.240,358243971646106,40422398450240,+91-98126-40468,Fake Loan App,2026-01-14 18:19:00,"Kavaratti, Lakshadweep"
RT851,Manoj Das,rgupta87@yahoo.co.in,202.88.107,358242102219663,40479347685280,+91-96545-91540,Matrimony Fraud,2026-01-15 05:14:00,"Margao, Goa"
RT852,Pooja Joshi,pnair86@trade.in,59.144.201,358244537821230,40428420509497,+91-90587-51448,Online Scam,2026-01-14 23:09:00,"Patna, Bihar"
RT853,Karan Nair,adas98@shop.in,14.139.149,358244500994904,40452898498408,+91-96607-76942,Online Scam,2026-01-14 07:45:00,"Patna, Bihar"
RT854,Anjali Verma,psingh99@outlook.in,59.144.131,358244860054418,40457183771279,+91-94790-51199,ATM Skimming,2026-01-14 15:42:00,"Margao, Goa"
RT855,Neha Reddy,sgupta91@trade.in,203.192.238,358246432106054,40460736424993,+91-93917-50302,Fake Loan App,2026-01-15 01:58:00,"Jabalpur, Madhya Pradesh"
RT856,Priya Khan,vmehta97@shop.in,203.192.137,358244861070968,40465992079747,+91-93997-50927,Job Fraud,2026-01-14 10:34:00,"Shillong, Meghalaya"
RT857,Vijay Reddy,pkhan87@shop.in,14.139.84,358244746571995,40489630516189,+91-90237-65081,OTP Bypass,2026-01-15 21:22:00,"Bengaluru, Karnataka"
RT858,Meena Yadav,vkaur90@shop.in,14.139.148,358248219830930,40410013401796,+91-92475-96451,Ransomware,2026-01-17 11:55:00,"Kohima, Nagaland"
RT859,Rani Kaur,syadav94@jobs.in,117.192.70,358244577616039,40433894983751,+91-99965-98354,UPI Fraud,2026-01-14 12:28:00,"Coimbatore, Tamil Nadu"
RT860,Pooja Mehta,dgupta81@shop.in,14.139.251,358244830931691,40419575824523,+91-96839-66842,Job Fraud,2026-01-15 03:06:00,"Visakhapatnam, Andhra Pradesh"
RT861,Rahul Patel,pjoshi85@shop.in,14.139.251,358243106572920,40411751125120,+91-91864-24690,Job Fraud,2026-01-14 22:51:00,"Thiruvananthapuram, Kerala"
RT862,Karan Mehta,mjoshi83@zohomail.com,103.120.113,358243232824014,40436518023862,+91-96744-76152,ATM Skimming,2026-01-17 00:27:00,"Shimla, Himachal Pradesh"
RT863,Rohit Sharma,psharma84@zohomail.com,103.120.131,358245573246165,40414329022593,+91-91975-61743,Phishing SMS,2026-01-14 11:22:00,"Coimbatore, Tamil Nadu"
RT864,Sanjay Kaur,adas89@jobs.in,182.19.203,358246141606532,40427864357711,+91-93389-36456,OTP Bypass,2026-01-16 14:18:00,"Daman, Dadra and Nagar Haveli and Daman and Diu"
RT865,Rahul Singh,spatel91@yahoo.co.in,14.139.79,358245248311984,40483888393294,+91-96162-74394,ATM Skimming,2026-01-15 06:09:00,"Amritsar, Punjab"
RT866,Sita Reddy,djoshi80@jobs.in,59.144.189,358242585163167,40431702714848,+91-90831-97132,Fake Loan App,2026-01-15 08:26:00,"Bhilai, Chhattisgarh"
RT867,Rani Das,ksharma82@co.in,14.139.164,358247650735281,40417215058101,+91-92470-11810,UPI Fraud,2026-01-15 13:47:00,"Margao, Goa"
RT868,Neha Roy,kgupta91@shop.in,202.88.155,358246332945816,40467363903576,+91-91851-29765,Online Scam,2026-01-16 17:57:00,"Margao, Goa"
RT869,Sita Kaur,ndevi80@gmail.com,202.88.137,358249136172482,40456562021690,+91-96902-83725,Online Scam,2026-01-14 14:41:00,"Ludhiana, Punjab"
RT870,Neha Roy,mroy94@shop.in,103.120.226,358243498878327,40496202783357,+91-94436-72825,Crypto Scam,2026-01-17 12:51:00,"Madurai, Tamil Nadu"
RT871,Vijay Nair,skaur80@jobs.in,203.192.254,358245660178953,40451333952599,+91-90941-94194,Online Scam,2026-01-15 00:36:00,"Ludhiana, Punjab"
RT872,Karan Das,dsharma95@co.in,14.139.167,358241119576315,40442392875763,+91-91606-61934,Job Fraud,2026-01-14 08:22:00,"Guntur, Andhra Pradesh"
RT873,Meena Patel,sreddy89@trade.in,182.19.105,358245224117491,40434491805796,+91-90197-14450,UPI Fraud,2026-01-14 13:35:00,"Bhopal, Madhya Pradesh"
RT874,Sanjay Joshi,sroy86@outlook.in,202.88.109,358249624674288,40499924179255,+91-99031-22738,Job Fraud,2026-01-16 08:38:00,"Gaya, Bihar"
RT875,Meena Verma,psharma92@zohomail.com,59.144.203,358247867424008,40469668700482,+91-95917-68960,Phishing SMS,2026-01-15 18:32:00,"Coimbatore, Tamil Nadu"
RT876,Karan Verma,rkhan84@trade.in,182.19.186,358247548336351,40439639235396,+91-93113-77408,Online Scam,2026-01-15 21:18:00,"Itanagar, Arunachal Pradesh"
RT877,Priya Reddy,sroy87@outlook.in,59.144.223,358244377430281,40474275491388,+91-92164-79245,Phishing SMS,2026-01-14 03:55:00,"Ludhiana, Punjab"
RT878,Priya Mehta,psingh94@biz.in,202.88.117,358246721879677,40425889307063,+91-94170-30100,Job Fraud,2026-01-15 18:09:00,"Pune, Maharashtra"
RT879,Rahul Khan,rkhan87@zohomail.com,103.120.75,358243473092377,40484532513165,+91-94251-93415,UPI Fraud,2026-01-14 06:07:00,"Silchar, Assam"
RT880,Deepak Gupta,averma96@zohomail.com,117.192.128,358243920395412,40447089155698,+91-94610-58544,Job Fraud,2026-01-14 11:00:00,"Cuttack, Odisha"
RT881,Manoj Khan,pkaur94@jobs.in,202.88.243,358243189990078,40494411959714,+91-91374-64052,Phishing SMS,2026-01-15 05:40:00,"Daman, Dadra and Nagar Haveli and Daman and Diu"
RT882,Karan Gupta,dverma92@gmail.com,203.192.101,358241096830765,40484813173418,+91-94966-22537,UPI Fraud,2026-01-17 09:42:00,"Haldwani, Uttarakhand"
RT883,Meena Kaur,mkaur85@outlook.in,203.192.146,358243534435395,40455284923393,+91-94903-28905,ATM Skimming,2026-01-16 13:50:00,"Silchar, Assam"
RT884,Rahul Kaur,dreddy93@yahoo.co.in,202.88.83,358242474882169,40497366733578,+91-98880-61715,Ransomware,2026-01-16 23:39:00,"Amritsar, Punjab"
RT885,Pooja Yadav,rgupta81@biz.in,202.88.206,358241024559941,40444877878437,+91-98487-12295,UPI Fraud,2026-01-16 15:24:00,"Mysuru, Karnataka"
RT886,Deepak Reddy,kpatel91@yahoo.co.in,103.120.158,358248090638704,40494558418343,+91-91970-68358,Online Scam,2026-01-14 16:35:00,"Ahmedabad, Gujarat"
RT887,Anjali Devi,sdevi87@biz.in,203.192.117,358248445944104,40465539856361,+91-97523-93808,UPI Fraud,2026-01-14 08:25:00,"Jodhpur, Rajasthan"
RT888,Meena Khan,pyadav95@yahoo.co.in,182.19.92,358245456030455,40427697985358,+91-92907-48806,Online Scam,2026-01-14 06:12:00,"Kohima, Nagaland"
RT889,Meena Khan,pyadav95@jobs.in,117.192.85,358242285311474,40464567985240,+91-96061-72788,Crypto Scam,2026-01-15 09:11:00,"Chandigarh, Chandigarh"
RT890,Rani Patel,sreddy94@biz.in,202.88.209,358247522143541,40460409681574,+91-92551-39222,Online Scam,2026-01-14 17:29:00,"Dibrugarh, Assam"
RT891,Deepak Das,rkhan81@jobs.in,203.192.112,358247846869219,40420921477059,+91-98508-22717,Online Scam,2026-01-16 18:06:00,"Varanasi, Uttar Pradesh"
RT892,Meena Yadav,sverma91@co.in,103.120.127,358241199024998,40432234648460,+91-98554-25208,Crypto Scam,2026-01-14 06:14:00,"Kanpur, Uttar Pradesh"
RT893,Sanjay Roy,rverma89@gmail.com,103.120.94,358243884518425,40476330485497,+91-96445-66105,Online Scam,2026-01-16 04:59:00,"Silvassa, Dadra and Nagar Haveli and Daman and Diu"
RT894,Neha Khan,rverma93@yahoo.co.in,14.139.78,358247419779310,40498396253709,+91-96287-67631,Fake Loan App,2026-01-17 06:40:00,"Kochi, Kerala"
RT895,Meena Nair,pyadav89@trade.in,182.19.127,358247824335122,40428984644693,+91-90442-76170,Matrimony Fraud,2026-01-16 18:01:00,"Raipur, Chhattisgarh"
RT896,Deepak Khan,areddy90@zohomail.com,14.139.181,358243500134082,40491980991880,+91-97686-10265,Online Scam,2026-01-16 17:54:00,"Gangtok, Sikkim"
RT897,Rohit Gupta,rverma89@co.in,202.88.254,358242858313195,40421374793700,+91-96777-99564,Phishing SMS,2026-01-15 07:21:00,"Indore, Madhya Pradesh"
RT898,Sanjay Yadav,mroy95@shop.in,59.144.69,358241764367053,40447902897469,+91-94536-24817,Matrimony Fraud,2026-01-16 20:03:00,"New Delhi, Delhi"
RT899,Neha Patel,psharma83@co.in,14.139.218,358245484473103,40436024418452,+91-92495-43865,Job Fraud,2026-01-17 02:53:00,"Ludhiana, Punjab"
RT900,Sanjay Mehta,sdas99@shop.in,59.144.198,358249250577820,40488760933315,+91-93390-98076,Matrimony Fraud,2026-01-17 02:23:00,"Madurai, Tamil Nadu"
RT901,Rohit Khan,rnair95@gmail.com,203.192.63,358246195986991,40430048408694,+91-97287-65746,Ransomware,2026-01-15 15:05:00,"Kohima, Nagaland"
RT902,Karan Devi,rverma99@biz.in,182.19.156,358246444779338,40484382777535,+91-97652-73020,Online Scam,2026-01-16 23:08:00,"Puducherry, Puducherry"
RT903,Karan Reddy,pmehta85@zohomail.com,202.88.179,358247559749289,40451598290460,+91-97581-28750,Job Fraud,2026-01-16 19:31:00,"Mandi, Himachal Pradesh"
RT904,Meena Khan,agupta96@yahoo.co.in,14.139.223,358246848180475,40410819620138,+91-91975-22584,Crypto Scam,2026-01-17 05:44:00,"Jalandhar, Punjab"
RT905,Meena Mehta,ssharma90@biz.in,14.139.251,358245880248165,40472879404649,+91-90147-38684,Phishing SMS,2026-01-15 02:40:00,"Silchar, Assam"
RT906,Pooja Patel,ssingh98@co.in,202.88.92,358243847907240,40439094355673,+91-92058-87767,ATM Skimming,2026-01-17 09:41:00,"Chandigarh, Chandigarh"
RT907,Karan Verma,ddas82@jobs.in,117.192.157,358248558256918,40487261697015,+91-99547-23265,Phishing SMS,2026-01-15 19:43:00,"Jabalpur, Madhya Pradesh"
RT908,Rani Gupta,mnair84@trade.in,103.120.80,358246022843729,40419345723593,+91-99421-43276,Ransomware,2026-01-15 08:29:00,"Warangal, Telangana"
RT909,Sita Gupta,rgupta84@yahoo.co.in,203.192.128,358248558864135,40490796617002,+91-95278-26650,OTP Bypass,2026-01-14 21:01:00,"Jabalpur, Madhya Pradesh"
RT910,Karan Joshi,mpatel84@outlook.in,59.144.179,358244406639816,40423910708889,+91-92887-15917,Fake Loan App,2026-01-17 04:36:00,"Kochi, Kerala"
RT911,Manoj Sharma,rmehta93@jobs.in,14.139.198,358245219177799,40473161032489,+91-95768-62876,ATM Skimming,2026-01-17 05:42:00,"Jalandhar, Punjab"
RT912,Rohit Patel,mdas83@yahoo.co.in,203.192.203,358245641210300,40472386107092,+91-97397-28634,Fake Loan App,2026-01-15 10:29:00,"Shimla, Himachal Pradesh"
RT913,Rahul Gupta,anair87@shop.in,59.144.142,358244985007530,40442421489184,+91-97348-18609,Crypto Scam,2026-01-15 14:55:00,"Siliguri, West Bengal"
RT914,Rani Kaur,dmehta84@jobs.in,202.88.231,358246851077335,40499163678266,+91-95177-43784,Job Fraud,2026-01-14 16:45:00,"Udaipur, Rajasthan"
RT915,Pooja Khan,preddy95@trade.in,59.144.72,358242110403185,40451114055133,+91-95762-44154,Phishing SMS,2026-01-14 06:27:00,"Bengaluru, Karnataka"
RT916,Sita Gupta,vsingh94@jobs.in,182.19.212,358241355179959,40467503358334,+91-98073-62276,UPI Fraud,2026-01-16 03:01:00,"Solan, Himachal Pradesh"
RT917,Karan Kaur,sroy84@zohomail.com,182.19.230,358246711656286,40481019630070,+91-98407-49159,Online Scam,2026-01-15 14:57:00,"New Delhi, Delhi"
RT918,Neha Devi,vpatel87@yahoo.co.in,202.88.134,358246337567862,40476986472257,+91-95267-55668,Fake Loan App,2026-01-14 23:21:00,"Naharlagun, Arunachal Pradesh"
RT919,Neha Joshi,preddy89@outlook.in,59.144.207,358243955150372,40496003601483,+91-97010-28261,Ransomware,2026-01-15 10:04:00,"Vijayawada, Andhra Pradesh"
RT920,Vijay Gupta,skaur89@outlook.in,59.144.95,358244518072249,40468520770180,+91-92075-68241,ATM Skimming,2026-01-16 13:12:00,"Asansol, West Bengal"
RT921,Rani Gupta,asingh99@trade.in,203.192.225,358246662660672,40420353257104,+91-94296-78808,Online Scam,2026-01-15 00:26:00,"Mandi, Himachal Pradesh"
RT922,Neha Kaur,rdevi89@co.in,203.192.229,358242960230090,40479173477122,+91-98061-57450,Crypto Scam,2026-01-15 18:54:00,"Thiruvananthapuram, Kerala"
RT923,Vijay Singh,ksingh84@yahoo.co.in,103.120.220,358241161330420,40416150165235,+91-98114-51174,Crypto Scam,2026-01-15 00:18:00,"Mumbai, Maharashtra"
RT924,Amit Mehta,preddy98@zohomail.com,103.120.116,358244234226041,40480439116546,+91-91247-58608,UPI Fraud,2026-01-16 10:27:00,"Shillong, Meghalaya"
RT925,Amit Roy,nkaur94@co.in,182.19.213,358246200931136,40492392176765,+91-95342-86657,Phishing SMS,2026-01-16 16:43:00,"Hubballi, Karnataka"
RT926,Deepak Singh,rsingh84@biz.in,103.120.234,358243999884155,40420121909933,+91-99345-51419,Ransomware,2026-01-17 07:29:00,"Dhanbad, Jharkhand"
RT927,Pooja Verma,adevi99@zohomail.com,14.139.210,358247008687645,40423765576106,+91-93373-15999,UPI Fraud,2026-01-15 18:40:00,"Daman, Dadra and Nagar Haveli and Daman and Diu"
RT928,Pooja Khan,mmehta82@zohomail.com,182.19.222,358247995708636,40432043970218,+91-92666-38727,Matrimony Fraud,2026-01-15 13:15:00,"Mumbai, Maharashtra"
RT929,Meena Sharma,mnair90@jobs.in,59.144.218,358246863947363,40414807240305,+91-90556-68350,Fake Loan App,2026-01-15 10:58:00,"Udaipur, Rajasthan"
RT930,Sanjay Devi,ppatel92@gmail.com,14.139.202,358247550714665,40463537917549,+91-97385-55842,Job Fraud,2026-01-17 02:24:00,"Chennai, Tamil Nadu"
RT931,Pooja Yadav,ajoshi80@shop.in,182.19.73,358243113731048,40414777962981,+91-99639-73168,ATM Skimming,2026-01-17 04:27:00,"Hubballi, Karnataka"
RT932,Neha Yadav,amehta95@trade.in,59.144.248,358243887342387,40466797709572,+91-92479-14827,Job Fraud,2026-01-16 03:12:00,"Mandi, Himachal Pradesh"
RT933,Priya Reddy,sdevi82@biz.in,117.192.109,358246816412577,40438670750531,+91-98433-59745,Matrimony Fraud,2026-01-15 09:11:00,"Rourkela, Odisha"
RT934,Karan Yadav,kgupta81@trade.in,59.144.64,358246017725648,40465376785190,+91-93257-65185,UPI Fraud,2026-01-14 21:16:00,"Bhilai, Chhattisgarh"
RT935,Karan Yadav,mreddy97@zohomail.com,182.19.211,358243462329817,40451147889193,+91-93210-48191,Crypto Scam,2026-01-16 10:06:00,"Madurai, Tamil Nadu"
RT936,Sanjay Reddy,ndevi97@yahoo.co.in,117.192.209,358247704665684,40498202518987,+91-97080-98218,OTP Bypass,2026-01-16 06:48:00,"Naharlagun, Arunachal Pradesh"
RT937,Anjali Singh,akhan92@co.in,117.192.136,358242916306357,40465206818653,+91-93168-29553,Matrimony Fraud,2026-01-15 02:54:00,"Panaji, Goa"
RT938,Vijay Reddy,preddy93@biz.in,182.19.176,358241976439957,40449288319333,+91-94043-54538,UPI Fraud,2026-01-16 04:59:00,"Agartala, Tripura"
RT939,Sita Mehta,adas99@zohomail.com,103.120.217,358246445046149,40437118753491,+91-95885-13145,Fake Loan App,2026-01-17 12:29:00,"Dhanbad, Jharkhand"
RT940,Amit Mehta,asharma97@yahoo.co.in,103.120.73,358243430079776,40492702939741,+91-96830-31423,Crypto Scam,2026-01-16 09:07:00,"Agartala, Tripura"
RT941,Sanjay Yadav,ksingh94@shop.in,203.192.183,358248568830179,40490397268600,+91-94038-17839,Matrimony Fraud,2026-01-14 19:35:00,"Gaya, Bihar"
RT942,Sita Reddy,sroy94@co.in,202.88.193,358246884315661,40434324803384,+91-93130-26710,Job Fraud,2026-01-16 01:51:00,"Jaipur, Rajasthan"
RT943,Amit Das,sroy91@biz.in,202.88.228,358245944898625,40482092473066,+91-96882-97567,Ransomware,2026-01-17 08:25:00,"Bengaluru, Karnataka"
RT944,Rohit Singh,spatel80@biz.in,202.88.97,358246038411623,40455461019212,+91-94276-83742,UPI Fraud,2026-01-15 16:45:00,"Vadodara, Gujarat"
RT945,Meena Joshi,vkhan91@co.in,14.139.63,358246487743354,40414853855300,+91-98569-12690,Ransomware,2026-01-17 12:08:00,"Jabalpur, Madhya Pradesh"
RT946,Sita Singh,averma98@shop.in,203.192.224,358246995515021,40453250113983,+91-93165-28430,Ransomware,2026-01-17 03:18:00,"Silchar, Assam"
RT947,Manoj Devi,rroy83@co.in,59.144.84,358249610782174,40490540296789,+91-97143-26828,Job Fraud,2026-01-17 03:26:00,"Pune, Maharashtra"
RT948,Priya Nair,mjoshi99@jobs.in,117.192.106,358247004898345,40419883270584,+91-99135-63834,Phishing SMS,2026-01-16 11:11:00,"Jalandhar, Punjab"
RT949,Amit Reddy,sdas88@jobs.in,203.192.105,358242474743271,40426901779960,+91-93396-86944,Fake Loan App,2026-01-17 04:25:00,"Delhi, Delhi"
RT950,Rohit Reddy,mkaur97@biz.in,117.192.92,358243474957956,40445575341090,+91-97261-21906,Crypto Scam,2026-01-16 23:33:00,"Jodhpur, Rajasthan"
RT951,Rani Nair,ksingh81@co.in,203.192.251,358242746671805,40491714134929,+91-96665-46375,Job Fraud,2026-01-16 20:57:00,"Naharlagun, Arunachal Pradesh"
RT952,Deepak Roy,msingh94@jobs.in,202.88.125,358241553906841,40469676624040,+91-92624-32249,OTP Bypass,2026-01-16 09:16:00,"Srinagar, Jammu and Kashmir"
RT953,Rahul Reddy,rkaur91@trade.in,59.144.199,358243762028076,40455219140576,+91-94883-89077,Phishing SMS,2026-01-15 21:30:00,"Kochi, Kerala"
RT954,Rani Singh,ppatel93@jobs.in,14.139.142,358248688004732,40447711488571,+91-93720-13672,Phishing SMS,2026-01-15 15:05:00,"Indore, Madhya Pradesh"
RT955,Manoj Khan,aroy83@outlook.in,182.19.138,358243214975562,40440553560130,+91-96314-52363,UPI Fraud,2026-01-14 05:31:00,"Dhanbad, Jharkhand"
RT956,Karan Sharma,msharma84@outlook.in,182.19.246,358247438705343,40497881860213,+91-90934-66324,Crypto Scam,2026-01-14 10:07:00,"Jamshedpur, Jharkhand"
RT957,Amit Yadav,rdas97@gmail.com,182.19.187,358248833395942,40476712669758,+91-95166-61614,Crypto Scam,2026-01-17 11:33:00,"Thiruvananthapuram, Kerala"
RT958,Pooja Sharma,vkhan94@biz.in,182.19.170,358245809844937,40412246119917,+91-99276-73638,Phishing SMS,2026-01-17 01:52:00,"Kanpur, Uttar Pradesh"
RT959,Meena Reddy,asharma84@co.in,14.139.246,358249450315277,40453028677235,+91-90837-55461,Crypto Scam,2026-01-16 19:04:00,"Margao, Goa"
RT960,Pooja Kaur,pmehta83@gmail.com,202.88.125,358241480594510,40416233701863,+91-91949-71625,ATM Skimming,2026-01-17 10:43:00,"Coimbatore, Tamil Nadu"
RT961,Rahul Verma,spatel81@gmail.com,103.120.105,358247623907696,40463271830912,+91-94424-49009,Job Fraud,2026-01-15 22:30:00,"Jamshedpur, Jharkhand"
RT962,Anjali Yadav,pjoshi98@biz.in,59.144.157,358242526412288,40497540138508,+91-90726-93126,Fake Loan App,2026-01-17 01:39:00,"Patna, Bihar"
RT963,Rani Reddy,nyadav89@jobs.in,103.120.117,358246741573509,40411461327616,+91-97175-70649,ATM Skimming,2026-01-15 02:18:00,"Asansol, West Bengal"
RT964,Karan Khan,dpatel80@yahoo.co.in,59.144.198,358245007580304,40451412880681,+91-97494-26657,Phishing SMS,2026-01-16 01:24:00,"Gangtok, Sikkim"
RT965,Priya Gupta,mgupta86@biz.in,59.144.123,358241656254947,40438064992628,+91-99427-62084,Online Scam,2026-01-14 08:09:00,"Bhagalpur, Bihar"
RT966,Vijay Mehta,pkhan91@yahoo.co.in,182.19.78,358245158633616,40411646833290,+91-96332-48518,Crypto Scam,2026-01-14 06:25:00,"Ludhiana, Punjab"
RT967,Manoj Reddy,adas96@co.in,103.120.61,358244518454741,40464467238508,+91-94107-72513,Online Scam,2026-01-14 03:40:00,"Imphal, Manipur"
RT968,Anjali Mehta,rkhan99@yahoo.co.in,59.144.232,358242304255553,40460028480754,+91-98124-36109,Fake Loan App,2026-01-15 03:37:00,"Kavaratti, Lakshadweep"
RT969,Manoj Mehta,rgupta92@yahoo.co.in,117.192.209,358243298270834,40415319106582,+91-93300-11435,UPI Fraud,2026-01-15 21:48:00,"Udaipur, Rajasthan"
RT970,Rahul Sharma,mnair80@zohomail.com,103.120.146,358246506424039,40458715775256,+91-94854-98233,ATM Skimming,2026-01-16 06:33:00,"Bilaspur, Chhattisgarh"
RT971,Rani Yadav,rsharma87@shop.in,117.192.115,358243514948877,40425895370850,+91-94634-27602,Fake Loan App,2026-01-14 03:41:00,"Jodhpur, Rajasthan"
RT972,Anjali Reddy,rreddy99@outlook.in,117.192.180,358243246847728,40423167216093,+91-91416-83390,UPI Fraud,2026-01-16 12:45:00,"Kochi, Kerala"
RT973,Manoj Singh,vmehta86@jobs.in,59.144.150,358249910449411,40449424288835,+91-90936-45434,Phishing SMS,2026-01-15 11:03:00,"Panipat, Haryana"
RT974,Rani Nair,pjoshi91@co.in,14.139.162,358246929494839,40458391903092,+91-96506-84100,Online Scam,2026-01-16 11:33:00,"Raipur, Chhattisgarh"
RT975,Rani Khan,ajoshi80@zohomail.com,59.144.62,358246980451289,40463112158034,+91-95215-49115,OTP Bypass,2026-01-16 06:50:00,"Dhanbad, Jharkhand"
RT976,Deepak Khan,psingh82@shop.in,103.120.132,358242968716013,40485789757869,+91-91814-24383,Matrimony Fraud,2026-01-15 00:31:00,"Bilaspur, Chhattisgarh"
RT977,Karan Joshi,sroy81@shop.in,14.139.221,358241250768170,40458115513066,+91-96562-50201,Ransomware,2026-01-17 14:52:00,"Jalandhar, Punjab"
RT978,Karan Das,rreddy98@outlook.in,59.144.230,358246001342541,40422434145942,+91-96921-77667,Online Scam,2026-01-15 15:09:00,"Indore, Madhya Pradesh"
RT979,Sanjay Verma,vsingh94@yahoo.co.in,103.120.139,358247286491234,40474513090985,+91-96997-19162,Crypto Scam,2026-01-15 21:29:00,"Puducherry, Puducherry"
RT980,Sita Devi,rjoshi99@shop.in,14.139.110,358247327774298,40467215594630,+91-93145-49810,ATM Skimming,2026-01-17 03:21:00,"Jabalpur, Madhya Pradesh"
RT981,Rohit Kaur,mjoshi91@trade.in,202.88.119,358244284338590,40465755123923,+91-90001-97421,Online Scam,2026-01-16 04:16:00,"Ranchi, Jharkhand"
RT982,Neha Roy,rdas92@outlook.in,14.139.233,358249729309219,40493600571487,+91-95527-26817,Crypto Scam,2026-01-15 04:44:00,"Bhopal, Madhya Pradesh"
RT983,Pooja Nair,nreddy95@jobs.in,103.120.232,358247007549162,40468122489184,+91-91156-80270,Fake Loan App,2026-01-17 00:05:00,"Siliguri, West Bengal"
RT984,Priya Nair,ksharma82@zohomail.com,202.88.140,358248345430244,40443978594856,+91-92995-44245,Fake Loan App,2026-01-16 01:55:00,"Dehradun, Uttarakhand"
RT985,Manoj Reddy,skaur97@outlook.in,203.192.147,358241381646747,40467163110185,+91-98151-93595,OTP Bypass,2026-01-14 15:46:00,"Shimla, Himachal Pradesh"
RT986,Deepak Khan,ayadav99@co.in,202.88.197,358244087348891,40441141396802,+91-92989-16036,Matrimony Fraud,2026-01-16 04:56:00,"Ranchi, Jharkhand"
RT987,Neha Roy,vmehta99@co.in,14.139.240,358246063852816,40425216965184,+91-90866-69850,OTP Bypass,2026-01-15 15:36:00,"Kavaratti, Lakshadweep"
RT988,Rani Devi,rsingh92@outlook.in,203.192.132,358248675484685,40448580603292,+91-97775-22399,Job Fraud,2026-01-16 08:26:00,"Chandigarh, Chandigarh"
RT989,Rohit Verma,pjoshi93@trade.in,182.19.82,358245303211469,40476701163033,+91-96194-17813,Crypto Scam,2026-01-14 17:31:00,"Bilaspur, Chhattisgarh"
RT990,Deepak Das,rreddy86@biz.in,103.120.222,358246032371750,40476679267033,+91-98884-81817,Matrimony Fraud,2026-01-16 16:03:00,"Bhopal, Madhya Pradesh"
RT991,Meena Verma,spatel89@biz.in,14.139.74,358244109750162,40416654718518,+91-93513-18521,Matrimony Fraud,2026-01-15 22:54:00,"Kochi, Kerala"
RT992,Rohit Patel,sdas84@co.in,14.139.168,358244732430366,40480830373529,+91-94851-57965,Job Fraud,2026-01-15 20:54:00,"New Delhi, Delhi"
RT993,Pooja Reddy,dkhan81@yahoo.co.in,103.120.83,358245039737255,40496192225145,+91-96479-79975,Online Scam,2026-01-15 05:13:00,"Panipat, Haryana"
RT994,Pooja Mehta,sverma83@co.in,117.192.172,358241769116598,40476896203848,+91-95325-90446,OTP Bypass,2026-01-16 05:38:00,"Lucknow, Uttar Pradesh"
RT995,Rahul Devi,myadav94@yahoo.co.in,103.120.255,358247033685448,40489004683636,+91-96899-21791,Phishing SMS,2026-01-16 09:30:00,"Ranchi, Jharkhand"
RT996,Anjali Joshi,rpatel93@biz.in,103.120.204,358243193185434,40460375227971,+91-99532-59386,Job Fraud,2026-01-15 11:36:00,"Coimbatore, Tamil Nadu"
RT997,Manoj Singh,psingh80@jobs.in,117.192.62,358246838780466,40467609060909,+91-97398-76131,Fake Loan App,2026-01-15 19:04:00,"Vijayawada, Andhra Pradesh"
RT998,Manoj Kaur,psharma93@gmail.com,182.19.60,358249741065493,40445021526121,+91-96577-52882,Fake Loan App,2026-01-17 13:34:00,"Asansol, West Bengal"
RT999,Sanjay Joshi,rkaur83@co.in,182.19.60,358242043356774,40417252999665,+91-90054-68892,Ransomware,2026-01-15 15:14:00,"Dibrugarh, Assam"
RT1000,Vijay Nair,mjoshi99@trade.in,59.144.161,358244586537744,40490967803583,+91-91175-44948,Matrimony Fraud,2026-01-15 09:22:00,"Ludhiana, Punjab"
